slno, Wall_1,Humid1, Wall_2,Humid2, Wall3,Humid3, Wall_4,Humid4, Outside, T_m, U_PID, Fanspeed
0,27,75,27,61,26,81,27,67,28,25,0,0
1,26,71,26,61,26,82,27,63,28,26.33333333,6.066666667,1
2,26,70,26,61,26,80,27,64,28,26.33333333,6.133333333,1
3,26,71,26,62,26,81,27,64,28,26.33333333,6.2,1
4,26,70,26,62,26,84,27,64,28,26.33333333,6.266666667,1
5,26,70,26,62,26,86,27,64,28,26.33333333,6.333333333,1
6,26,71,26,62,26,84,27,64,28,26.33333333,6.4,1
7,26,71,26,63,26,86,27,63,28,26.33333333,6.466666667,1
8,26,71,26,62,26,87,27,63,28,26.33333333,6.533333333,1
9,26,71,26,62,26,87,27,63,28,26.33333333,6.6,1
10,26,71,26,61,26,85,27,62,28,26.33333333,6.666666667,1
11,26,71,26,61,26,85,27,62,28,26.33333333,6.733333333,1
12,26,71,26,60,26,84,27,61,28,26.33333333,6.8,1
13,26,70,26,59,26,85,27,60,28,26.33333333,6.866666667,1
14,26,71,26,59,26,84,27,60,28,26.33333333,6.933333333,1
15,26,70,26,59,26,84,27,60,28,26.33333333,7,1
16,26,69,26,58,26,84,26,59,28,26,5.55,1
17,26,69,26,58,26,84,26,59,28,26,5.6,1
18,26,69,26,57,26,86,26,59,28,26,5.65,1
19,26,68,26,57,26,86,26,59,28,26,5.7,1
20,26,68,26,57,26,86,26,59,28,26,5.75,1
21,26,68,26,56,26,88,26,58,28,26,5.8,1
22,26,68,26,56,26,85,26,58,28,26,5.85,1
23,26,68,26,55,26,86,26,58,28,26,5.9,1
24,26,67,26,55,26,85,26,58,28,26,5.95,1
25,26,67,26,55,26,87,26,58,28,26,6,1
26,26,66,26,55,26,85,26,57,28,26,6.05,1
27,26,66,26,55,26,85,26,57,28,26,6.1,1
28,26,66,26,55,26,85,26,57,28,26,6.15,1
29,26,66,26,54,26,85,26,57,28,26,6.2,1
30,26,66,26,54,26,84,26,57,28,26,6.25,1
31,26,66,26,54,26,82,26,57,28,26,6.3,1
32,26,66,26,54,26,80,26,57,28,26,6.35,1
33,26,66,26,54,26,82,26,56,28,26,6.4,1
34,26,65,26,54,26,83,26,56,28,26,6.45,1
35,26,65,26,54,26,83,26,56,28,26,6.5,1
36,26,65,26,53,26,84,26,56,28,26,6.55,1
37,26,65,26,53,26,83,26,56,28,26,6.6,1
38,26,64,26,53,26,81,26,56,28,26,6.65,1
39,26,64,26,53,26,82,26,56,28,26,6.7,1
40,26,64,26,53,26,83,26,56,28,26,6.75,1
41,26,64,26,53,26,84,26,55,28,26,6.8,1
42,25,63,26,53,26,83,26,55,28,25.66666667,5.333333333,1
43,25,63,26,53,26,85,26,55,28,25.66666667,5.366666667,1
44,25,62,26,52,26,82,26,55,28,25.66666667,5.4,1
45,25,62,26,52,27,80,26,55,28,25.66666667,5.433333333,1
46,25,62,26,52,27,80,26,55,28,25.66666667,5.466666667,1
47,25,62,26,52,27,80,26,55,28,25.66666667,5.5,1
48,25,62,26,52,27,82,26,55,28,25.66666667,5.533333333,1
49,25,62,26,52,27,82,26,55,28,25.66666667,5.566666667,1
50,25,62,26,52,27,83,26,55,28,25.66666667,5.6,1
51,25,62,26,52,27,81,26,55,28,25.66666667,5.633333333,1
52,25,62,26,52,27,83,26,55,28,25.66666667,5.666666667,1
53,25,61,26,52,27,82,26,55,28,25.66666667,5.7,1
54,25,62,26,52,27,81,26,54,28,25.66666667,5.733333333,1
55,25,61,26,52,27,83,26,54,28,25.66666667,5.766666667,1
56,25,61,26,52,27,82,26,54,28,25.66666667,5.8,1
57,25,61,26,51,27,82,26,54,28,25.66666667,5.833333333,1
58,25,61,26,51,27,83,26,54,28,25.66666667,5.866666667,1
59,25,61,26,51,27,85,26,54,28,25.66666667,5.9,1
60,25,61,26,51,27,80,26,54,28,25.66666667,5.933333333,1
61,25,61,26,51,27,79,26,54,28,25.66666667,5.966666667,1
62,25,61,26,51,27,82,26,54,28,25.66666667,6,1
63,25,61,26,51,27,81,26,54,28,25.66666667,6.033333333,1
64,25,61,26,51,27,82,26,54,28,25.66666667,6.066666667,1
65,25,60,26,51,27,80,26,54,28,25.66666667,6.1,1
66,25,60,26,51,27,79,26,54,28,25.66666667,6.133333333,1
67,25,60,26,51,27,78,26,54,28,25.66666667,6.166666667,1
68,25,60,26,51,27,78,26,54,28,25.66666667,6.2,1
69,25,60,26,51,27,81,26,53,28,25.66666667,6.233333333,1
70,25,60,26,51,27,81,26,53,28,25.66666667,6.266666667,1
71,25,61,26,50,27,79,26,54,28,25.66666667,6.3,1
72,25,61,26,50,27,81,26,54,28,25.66666667,6.333333333,1
73,25,61,26,51,27,81,26,54,28,25.66666667,6.366666667,1
74,25,62,26,51,27,79,26,54,28,25.66666667,6.4,1
75,25,62,26,51,27,78,26,54,28,25.66666667,6.433333333,1
76,25,62,26,51,27,78,26,54,28,25.66666667,6.466666667,1
77,25,62,26,51,27,79,26,54,28,25.66666667,6.5,1
78,25,62,26,51,27,78,26,54,28,25.66666667,6.533333333,1
79,24,62,26,51,27,81,26,54,28,25.33333333,5.05,1
80,24,62,26,51,27,79,26,54,28,25.33333333,5.066666667,1
81,24,63,26,51,27,82,26,54,28,25.33333333,5.083333333,1
82,24,64,26,51,27,81,26,54,28,25.33333333,5.1,1
83,24,63,25,50,27,82,26,54,28,25,3.6,1
84,24,63,25,50,27,80,25,53,28,24.66666667,2.083333333,1
85,24,63,25,50,27,82,25,53,28,24.66666667,2.066666667,1
86,24,62,25,50,27,78,25,53,28,24.66666667,2.05,1
87,24,63,25,50,27,80,25,53,28,24.66666667,2.033333333,1
88,24,64,25,50,27,79,25,53,28,24.66666667,2.016666667,1
89,24,64,25,50,27,78,25,53,28,24.66666667,2,1
90,24,64,25,50,27,81,25,53,28,24.66666667,1.983333333,1
91,24,65,25,50,27,84,25,54,28,24.66666667,1.966666667,1
92,24,64,25,50,27,84,25,53,28,24.66666667,1.95,1
93,24,65,25,50,27,85,25,53,28,24.66666667,1.933333333,1
94,24,65,25,50,27,81,25,53,28,24.66666667,1.916666667,1
95,24,64,25,50,27,82,25,53,28,24.66666667,1.9,1
96,24,65,25,50,27,85,25,53,28,24.66666667,1.883333333,1
97,24,64,25,50,27,82,25,53,28,24.66666667,1.866666667,1
98,24,64,25,50,27,83,25,53,28,24.66666667,1.85,1
99,24,64,25,50,27,83,25,53,28,24.66666667,1.833333333,1
100,24,64,25,50,27,81,25,53,28,24.66666667,1.816666667,1
101,24,64,25,50,27,80,25,53,28,24.66666667,1.8,1
102,24,64,25,50,27,81,25,53,28,24.66666667,1.783333333,1
103,24,64,25,50,27,81,25,53,28,24.66666667,1.766666667,1
104,24,63,25,50,27,80,25,53,28,24.66666667,1.75,1
105,24,63,25,50,27,81,25,53,28,24.66666667,1.733333333,1
106,24,63,25,50,27,76,25,53,28,24.66666667,1.716666667,1
107,24,64,25,50,27,80,25,53,28,24.66666667,1.7,1
108,24,64,25,50,27,83,25,54,28,24.66666667,1.683333333,1
109,24,65,25,50,27,82,25,54,28,24.66666667,1.666666667,1
110,24,65,25,50,27,80,25,54,28,24.66666667,1.65,1
111,24,65,25,50,27,82,25,53,28,24.66666667,1.633333333,1
112,24,64,25,50,27,84,25,53,28,24.66666667,1.616666667,1
113,24,65,25,50,27,82,25,53,28,24.66666667,1.6,1
114,24,65,25,50,27,83,25,53,28,24.66666667,1.583333333,1
115,24,65,25,50,27,82,25,53,28,24.66666667,1.566666667,1
116,24,64,25,50,27,80,25,53,28,24.66666667,1.55,1
117,24,64,25,50,27,81,25,53,28,24.66666667,1.533333333,1
118,24,64,25,50,27,83,25,53,28,24.66666667,1.516666667,1
119,24,64,25,50,27,82,25,53,28,24.66666667,1.5,1
120,24,64,25,50,27,82,25,53,28,24.66666667,1.483333333,1
121,24,64,25,50,27,83,25,53,28,24.66666667,1.466666667,1
122,24,65,25,50,27,83,25,53,28,24.66666667,1.45,1
123,24,64,25,50,27,84,25,53,28,24.66666667,1.433333333,1
124,24,63,25,49,27,81,25,53,28,24.66666667,1.416666667,1
125,24,63,25,50,27,81,25,53,28,24.66666667,1.4,1
126,24,63,25,50,27,79,25,53,28,24.66666667,1.383333333,1
127,24,64,25,50,27,81,25,52,28,24.66666667,1.366666667,1
128,24,64,25,49,27,80,25,52,28,24.66666667,1.35,1
129,24,64,25,49,27,83,25,52,28,24.66666667,1.333333333,1
130,24,64,25,49,27,84,25,52,28,24.66666667,1.316666667,1
131,24,64,25,50,27,80,25,53,28,24.66666667,1.3,1
132,24,63,25,50,27,81,25,52,28,24.66666667,1.283333333,1
133,24,63,25,49,27,82,25,52,28,24.66666667,1.266666667,1
134,24,63,25,49,27,82,25,52,28,24.66666667,1.25,1
135,24,64,25,49,27,79,25,52,28,24.66666667,1.233333333,1
136,24,65,25,49,27,78,25,52,28,24.66666667,1.216666667,1
137,24,64,25,49,27,82,25,52,28,24.66666667,1.2,1
138,24,62,25,49,27,81,25,52,28,24.66666667,1.183333333,1
139,24,64,25,49,27,81,25,52,28,24.66666667,1.166666667,1
140,24,64,25,49,27,78,25,52,28,24.66666667,1.15,1
141,24,63,25,49,27,79,25,52,28,24.66666667,1.133333333,1
142,24,63,25,49,27,80,25,52,28,24.66666667,1.116666667,1
143,24,64,25,50,27,82,25,52,28,24.66666667,1.1,1
144,24,64,25,49,27,78,25,52,28,24.66666667,1.083333333,1
145,24,63,25,49,27,78,25,52,28,24.66666667,1.066666667,1
146,24,63,25,49,27,80,25,52,28,24.66666667,1.05,1
147,24,62,25,49,27,82,25,52,28,24.66666667,1.033333333,1
148,24,63,25,49,27,82,25,52,28,24.66666667,1.016666667,1
149,24,63,25,49,27,81,25,52,28,24.66666667,1,1
150,24,64,25,49,27,83,25,52,28,24.66666667,0.983333333,0.983333333
151,24,64,25,49,27,81,25,52,28,24.66666667,0.966666667,0.966666667
152,24,63,25,49,27,80,25,52,28,24.66666667,0.95,0.95
153,24,65,25,49,27,85,25,52,28,24.66666667,0.933333333,0.933333333
154,24,62,25,49,27,82,25,52,28,24.66666667,0.916666667,0.916666667
155,24,62,25,49,27,81,25,52,28,24.66666667,0.9,0.9
156,24,63,25,49,27,84,25,52,28,24.33333333,-0.633333333,0
157,24,63,25,49,27,83,25,52,28,24.33333333,-0.666666667,0
158,24,63,25,49,27,83,25,53,28,24.33333333,-0.7,0
159,24,64,25,49,27,82,25,52,28,24.66666667,0.783333333,0.783333333
160,24,62,25,49,27,81,25,52,28,24.66666667,0.766666667,0.766666667
161,24,63,25,49,27,79,25,52,28,24.66666667,0.75,0.75
162,24,63,25,50,27,79,25,52,28,24.66666667,0.733333333,0.733333333
163,24,64,25,50,27,80,25,52,28,24.66666667,0.716666667,0.716666667
164,24,63,25,50,27,79,25,52,28,24.66666667,0.7,0.7
165,24,64,25,50,27,77,25,52,28,24.66666667,0.683333333,0.683333333
166,24,64,25,50,27,79,25,52,28,24.66666667,0.666666667,0.666666667
167,24,63,25,50,27,79,25,52,28,24.66666667,0.65,0.65
168,24,63,25,50,27,79,25,52,28,24.66666667,0.633333333,0.633333333
169,23,64,25,50,27,79,25,52,28,24.66666667,0.616666667,0.616666667
170,23,63,25,50,27,81,25,52,28,24.66666667,0.6,0.6
171,23,63,25,50,27,84,25,52,28,24.66666667,0.583333333,0.583333333
172,23,63,25,50,27,80,25,52,28,24.66666667,0.566666667,0.566666667
173,23,62,25,50,27,82,25,52,28,24.66666667,0.55,0.55
174,23,62,25,50,27,81,25,52,28,24.66666667,0.533333333,0.533333333
175,23,62,25,50,27,82,25,52,28,24.66666667,0.516666667,0.516666667
176,23,62,25,50,27,84,25,53,28,24.66666667,0.5,0.5
177,23,62,25,49,27,82,25,53,28,24.66666667,0.483333333,0.483333333
178,23,62,25,49,27,83,25,53,28,24.66666667,0.466666667,0.466666667
179,23,62,25,49,27,81,25,52,28,24.66666667,0.45,0.45
180,23,61,25,49,27,80,25,52,28,24.66666667,0.433333333,0.433333333
181,23,62,25,49,27,81,25,53,28,24.66666667,0.416666667,0.416666667
182,23,62,25,49,27,82,25,53,28,24.66666667,0.4,0.4
183,23,62,25,49,27,81,25,52,28,24.66666667,0.383333333,0.383333333
184,23,60,25,49,27,83,25,52,28,24.66666667,0.366666667,0.366666667
185,23,61,25,49,27,84,25,52,28,24.66666667,0.35,0.35
186,23,63,25,49,27,82,25,52,28,24.66666667,0.333333333,0.333333333
187,23,63,25,49,27,81,25,52,28,24.66666667,0.316666667,0.316666667
188,23,62,25,49,27,81,25,52,28,24.66666667,0.3,0.3
189,23,61,25,49,27,80,25,52,28,24.66666667,0.283333333,0.283333333
190,23,60,25,49,27,79,25,51,28,24.33333333,-1.25,0
191,23,61,25,49,27,80,25,52,28,24.33333333,-1.283333333,0
192,23,62,25,49,27,80,25,52,28,24.33333333,-1.316666667,0
193,23,63,25,49,27,77,25,52,28,24.33333333,-1.35,0
194,23,63,25,48,27,81,25,52,28,24.33333333,-1.383333333,0
195,23,66,25,48,27,80,25,53,28,24.33333333,-1.416666667,0
196,23,65,25,49,27,80,25,54,28,24.33333333,-1.45,0
197,23,72,25,49,27,79,25,59,28,24.33333333,-1.483333333,0
198,23,72,25,49,27,86,25,62,28,24.33333333,-1.516666667,0
199,23,70,25,50,27,87,25,62,28,24.33333333,-1.55,0
200,23,71,25,51,27,88,25,63,28,24.33333333,-1.583333333,0
201,23,71,25,51,27,90,25,64,28,24.33333333,-1.616666667,0
202,23,73,25,51,27,89,25,64,28,24.33333333,-1.65,0
203,23,72,25,51,27,87,25,64,28,24.33333333,-1.683333333,0
204,23,72,25,52,27,89,25,64,28,24.33333333,-1.716666667,0
205,23,72,25,53,27,89,25,64,28,24.33333333,-1.75,0
206,23,69,25,53,27,88,25,64,28,24.33333333,-1.783333333,0
207,23,69,25,53,27,86,25,63,28,24.33333333,-1.816666667,0
208,24,69,25,53,27,84,25,63,28,24.66666667,-0.333333333,0
209,24,69,25,54,27,84,25,63,28,24.66666667,-0.35,0
210,24,70,25,55,27,86,25,63,28,24.66666667,-0.366666667,0
211,24,70,25,55,27,85,25,62,28,24.66666667,-0.383333333,0
212,24,70,25,55,27,85,25,62,28,24.66666667,-0.4,0
213,24,70,25,55,27,83,25,61,28,24.66666667,-0.416666667,0
214,24,70,25,55,27,83,25,61,28,24.66666667,-0.433333333,0
215,24,69,25,55,27,85,25,60,28,24.66666667,-0.45,0
216,24,69,25,55,27,84,25,60,28,24.66666667,-0.466666667,0
217,24,70,25,55,27,82,25,59,28,24.66666667,-0.483333333,0
218,24,70,25,54,27,82,25,59,28,24.66666667,-0.5,0
219,24,68,25,54,27,83,25,59,28,24.66666667,-0.516666667,0
220,24,67,25,54,27,84,25,58,28,24.66666667,-0.533333333,0
221,24,68,25,54,27,83,25,58,28,24.66666667,-0.55,0
222,24,67,25,54,27,83,25,58,28,24.66666667,-0.566666667,0
223,24,66,25,53,27,82,25,58,28,24.66666667,-0.583333333,0
224,24,67,25,53,27,83,25,57,28,24.66666667,-0.6,0
225,24,67,25,53,27,82,25,58,28,24.66666667,-0.616666667,0
226,24,67,25,53,27,81,25,57,28,24.66666667,-0.633333333,0
227,24,69,25,53,27,86,25,60,28,24.66666667,-0.65,0
228,24,69,25,53,27,87,25,63,28,24.66666667,-0.666666667,0
229,24,73,25,53,27,87,25,65,28,24.66666667,-0.683333333,0
230,24,73,25,53,27,87,25,64,28,24.66666667,-0.7,0
231,24,73,25,53,27,86,25,65,28,24.66666667,-0.716666667,0
232,24,73,25,54,27,88,25,65,28,24.66666667,-0.733333333,0
233,24,75,25,54,27,88,25,66,28,24.66666667,-0.75,0
234,24,76,25,54,27,89,25,67,28,24.66666667,-0.766666667,0
235,24,75,25,54,27,89,25,67,28,24.66666667,-0.783333333,0
236,24,75,25,55,27,87,25,67,28,25,0.716666667,0.716666667
237,24,74,25,56,27,89,25,67,28,25,0.716666667,0.716666667
238,24,72,25,57,27,84,25,66,28,25,0.716666667,0.716666667
239,24,72,25,57,27,85,25,66,28,25,0.716666667,0.716666667
240,24,72,25,58,27,85,25,65,28,25,-8.383333333,0
241,24,73,25,59,27,82,25,65,28,25,-8.483333333,0
242,24,72,25,59,27,84,25,64,28,25,-8.583333333,0
243,24,72,25,59,27,85,25,64,28,25,-8.683333333,0
244,24,73,25,59,27,85,25,65,28,25,-8.783333333,0
245,24,74,25,59,27,85,25,65,28,25,-8.883333333,0
246,24,74,25,59,27,83,25,65,28,24.66666667,-10.5,0
247,24,74,25,58,27,86,25,65,28,24,-13.65,0
248,24,74,25,58,27,85,25,65,28,24,-13.8,0
249,24,75,25,58,27,85,25,66,28,24,-13.95,0
250,24,75,25,58,27,86,25,67,28,24,-14.1,0
251,24,76,25,58,27,83,25,67,28,24,-14.25,0
252,24,76,25,58,27,84,25,67,28,24,-14.4,0
253,24,76,25,58,27,83,25,66,28,24,-14.55,0
254,24,75,25,58,27,85,25,66,28,24.33333333,-13.18333333,0
255,24,73,25,58,27,84,25,65,28,24.66666667,-11.8,0
256,24,74,25,58,27,82,25,65,28,24.66666667,-11.91666667,0
257,24,78,25,58,27,84,25,65,28,24.66666667,-12.03333333,0
258,24,81,25,58,27,83,25,65,28,24.66666667,-12.15,0
259,24,81,26,59,27,83,25,69,28,25,-10.75,0
260,25,83,26,59,27,88,25,73,28,25.33333333,-9.333333333,0
261,25,79,26,59,27,88,25,75,28,25.33333333,-9.416666667,0
262,25,85,26,59,27,89,25,76,28,25.33333333,-9.5,0
263,25,81,26,60,27,90,25,77,28,25.33333333,-9.583333333,0
264,25,79,26,61,27,91,25,77,28,25.33333333,-9.666666667,0
265,25,81,26,61,27,92,25,78,28,25.33333333,-9.75,0
266,25,83,26,61,27,91,25,77,28,25.33333333,-9.833333333,0
267,25,82,26,61,27,91,25,77,28,25.33333333,-9.916666667,0
268,25,82,26,62,27,90,25,77,28,25.33333333,-10,0
269,25,81,26,62,27,92,25,77,28,25.33333333,-10.08333333,0
270,25,83,26,61,27,91,25,77,28,25.33333333,-10.16666667,0
271,25,83,26,63,27,92,25,77,28,25.33333333,-10.25,0
272,25,83,26,63,27,91,25,76,28,25.33333333,-10.33333333,0
273,25,84,26,65,27,92,25,77,28,25.33333333,-10.41666667,0
274,25,82,26,65,27,91,25,77,28,25.33333333,-10.5,0
275,25,83,26,66,27,91,25,77,28,25.33333333,-10.58333333,0
276,25,83,26,66,27,92,25,77,28,25.33333333,-10.66666667,0
277,25,83,26,67,27,91,25,77,28,25.33333333,-10.75,0
278,25,83,26,67,27,91,25,77,28,25.33333333,-10.83333333,0
279,25,84,26,68,27,93,25,77,28,25.33333333,-10.91666667,0
280,25,84,26,68,27,92,25,77,28,25.33333333,-11,0
281,25,84,26,68,27,92,25,77,28,25.33333333,-11.08333333,0
282,25,86,26,69,27,92,25,78,28,25.33333333,-11.16666667,0
283,25,86,26,69,27,92,25,78,28,25.33333333,-11.25,0
284,25,85,26,70,27,91,26,79,28,25.66666667,-9.816666667,0
285,25,86,26,69,27,91,26,80,28,25.66666667,-9.883333333,0
286,25,87,26,70,27,93,26,79,28,25.66666667,-9.95,0
287,25,87,26,70,27,92,26,80,28,25.66666667,-10.01666667,0
288,25,88,26,71,27,92,26,80,28,25.66666667,-10.08333333,0
289,25,88,26,71,27,93,26,80,28,25.66666667,-10.15,0
290,25,88,26,71,27,92,26,80,28,25.66666667,-10.21666667,0
291,25,88,26,72,27,92,26,80,28,25.66666667,-10.28333333,0
292,25,90,26,72,27,93,26,81,28,25.66666667,-10.35,0
293,25,89,26,73,27,92,26,81,28,25.66666667,-10.41666667,0
294,25,89,26,73,27,94,26,81,28,25.66666667,-10.48333333,0
295,25,90,26,73,27,94,26,81,28,25.66666667,-10.55,0
296,25,90,26,73,27,92,26,81,28,25.66666667,-10.61666667,0
297,25,90,26,74,27,92,26,82,28,25.66666667,-10.68333333,0
298,25,89,26,74,27,93,26,82,28,25.66666667,-10.75,0
299,25,90,26,75,27,94,26,82,28,25.66666667,-10.81666667,0
300,25,91,26,75,27,94,26,82,28,25.66666667,-10.88333333,0
301,25,91,26,75,27,93,26,82,28,25.66666667,-10.95,0
302,25,92,26,75,27,94,26,82,28,25.66666667,-11.01666667,0
303,25,92,26,75,27,93,26,83,28,26,-9.566666667,0
304,25,92,26,76,27,93,26,83,28,25.66666667,-11.13333333,0
305,26,93,27,76,27,94,26,83,28,26.33333333,-8.166666667,0
306,26,94,27,76,27,94,26,83,28,26.33333333,-8.2,0
307,26,94,27,76,27,94,26,83,28,26.33333333,-8.233333333,0
308,26,94,27,77,27,94,26,83,28,26.33333333,-8.266666667,0
309,26,94,27,77,27,94,26,84,28,26.33333333,-8.3,0
310,26,94,27,77,27,93,26,84,28,26.33333333,-8.333333333,0
311,26,94,27,77,27,94,26,84,28,26.33333333,-8.366666667,0
312,26,94,27,77,27,94,26,84,28,26.33333333,-8.4,0
313,26,95,27,78,27,94,26,84,28,26.33333333,-8.433333333,0
314,26,95,27,78,27,95,26,84,28,26.33333333,-8.466666667,0
315,26,95,27,78,27,93,26,85,28,26.33333333,-8.5,0
316,26,94,27,78,27,93,26,85,28,26.33333333,-8.533333333,0
317,26,95,27,79,27,94,26,85,28,26.33333333,-8.566666667,0
318,26,95,27,79,27,94,26,85,28,26.33333333,-8.6,0
319,26,95,27,79,27,94,26,85,28,26.33333333,-8.633333333,0
320,26,95,27,79,27,94,26,85,28,26.33333333,-8.666666667,0
321,26,95,27,79,27,94,26,85,28,26.33333333,-8.7,0
322,26,95,27,80,27,94,26,86,28,26.33333333,-8.733333333,0
323,26,95,27,80,27,94,26,86,28,26.33333333,-8.766666667,0
324,26,95,27,80,27,94,26,86,28,26.33333333,-8.8,0
325,26,95,27,80,27,94,26,86,28,26.33333333,-8.833333333,0
326,26,95,27,80,27,94,26,86,28,26.33333333,-8.866666667,0
327,26,95,27,80,27,94,26,86,28,26.33333333,-8.9,0
328,26,95,27,80,27,94,26,87,28,26.33333333,-8.933333333,0
329,26,95,27,80,27,94,26,87,28,26.33333333,-8.966666667,0
330,26,95,27,81,27,94,26,87,28,26.33333333,-9,0
331,26,95,27,81,27,94,26,87,28,26.33333333,-9.033333333,0
332,26,95,27,81,27,95,26,87,28,26.33333333,-9.066666667,0
333,26,95,27,81,27,94,26,87,28,26.33333333,-9.1,0
334,26,95,27,81,27,95,26,87,28,26.33333333,-9.133333333,0
335,26,95,27,82,27,95,26,87,28,26.33333333,-9.166666667,0
336,26,95,27,81,27,95,26,87,28,26.33333333,-9.2,0
337,26,95,27,82,27,95,26,87,28,26.33333333,-9.233333333,0
338,26,95,27,82,27,95,26,87,28,26.33333333,-9.266666667,0
339,26,95,27,82,27,95,26,88,28,26.33333333,-9.3,0
340,26,95,27,82,27,95,26,88,28,26.33333333,-9.333333333,0
341,26,95,27,82,27,95,26,88,28,26.33333333,-9.366666667,0
342,26,95,27,82,27,95,26,88,28,26.33333333,-9.4,0
343,26,95,27,82,27,95,26,88,28,26.33333333,-9.433333333,0
344,26,95,27,83,27,95,26,88,28,26.33333333,-9.466666667,0
345,26,95,27,83,27,95,26,88,28,26.33333333,-9.5,0
346,26,95,27,83,27,95,27,88,28,26.66666667,-8.016666667,0
347,26,95,27,83,27,95,27,88,28,26.33333333,-9.55,0
348,26,95,27,84,27,95,27,89,28,26.66666667,-8.066666667,0
349,26,95,27,84,27,95,27,88,28,26.33333333,-9.6,0
350,27,95,27,84,27,95,27,89,28,27,-6.6,0
351,27,95,27,84,27,95,27,89,28,27,-6.6,0
352,27,95,27,84,27,95,27,89,28,27,-6.6,0
353,27,95,27,84,28,95,27,89,28,26.66666667,-8.116666667,0
354,27,95,27,84,28,95,27,89,28,27,-6.616666667,0
355,27,95,27,84,28,95,27,89,28,27,-6.616666667,0
356,27,95,27,84,28,95,27,89,28,27,-6.616666667,0
357,27,95,27,84,28,95,27,89,28,27,-6.616666667,0
358,27,95,27,84,28,95,27,89,28,27,-6.616666667,0
359,27,95,27,84,28,95,27,89,28,27,-6.616666667,0
360,27,95,27,84,28,95,27,89,28,27,-6.616666667,0
361,27,95,27,84,28,95,27,89,28,27,-6.616666667,0
362,27,95,27,84,28,95,27,89,28,27,-6.616666667,0
363,27,95,27,84,28,95,27,89,28,27,-6.616666667,0
364,27,95,27,84,28,95,27,89,28,27,-6.616666667,0
365,27,95,27,84,28,95,27,89,28,27,-6.616666667,0
366,27,95,27,84,28,95,27,89,28,27,-6.616666667,0
367,27,95,27,85,28,95,27,89,28,27,-6.616666667,0
368,27,95,27,85,28,95,27,89,28,27,-6.616666667,0
369,27,95,27,85,28,95,27,89,28,27,-6.616666667,0
370,27,95,27,85,28,95,27,89,28,27,-6.616666667,0
371,27,95,27,85,28,95,27,89,28,27,-6.616666667,0
372,27,95,27,85,28,95,27,89,28,27,-6.616666667,0
373,27,95,27,85,28,95,27,89,28,27,-6.616666667,0
374,27,95,27,85,28,95,27,89,28,27,-6.616666667,0
375,27,95,27,85,28,95,27,89,28,27,-6.616666667,0
376,27,95,27,85,28,95,27,89,28,27,-6.616666667,0
377,27,95,27,85,28,95,27,89,28,27,-6.616666667,0
378,27,95,27,85,28,95,27,89,28,27,-6.616666667,0
379,27,95,27,85,28,95,27,89,28,27,-6.616666667,0
380,27,95,27,85,28,95,27,89,28,27,-6.616666667,0
381,27,95,27,85,28,95,27,89,28,27,-6.616666667,0
382,27,95,27,85,28,95,27,89,28,27,-6.616666667,0
383,27,95,27,85,28,95,27,89,28,27,-6.616666667,0
384,27,95,27,85,28,95,27,89,28,27,-6.616666667,0
385,27,95,27,85,28,95,27,89,28,27,-6.616666667,0
386,27,95,27,85,28,95,27,89,28,27,-6.616666667,0
387,27,95,27,85,28,95,27,89,28,27,-6.616666667,0
388,27,95,27,85,28,95,27,89,28,27,-6.616666667,0
389,27,95,27,85,28,95,27,89,28,27,-6.616666667,0
390,27,95,27,85,28,95,27,89,28,27,-6.616666667,0
391,27,95,27,85,28,95,27,89,28,27,-6.616666667,0
392,27,95,27,85,28,95,27,89,28,27,-6.616666667,0
393,27,95,27,85,28,95,27,89,28,27,-6.616666667,0
394,27,95,27,85,28,95,27,89,28,27,-6.616666667,0
395,27,95,27,85,28,95,27,89,28,27,-6.616666667,0
396,27,95,27,85,28,95,27,89,28,27,-6.616666667,0
397,27,95,27,85,28,95,27,89,28,27,-6.616666667,0
398,28,95,27,85,28,95,27,89,28,27.33333333,-5.1,0
399,28,95,28,86,28,95,27,89,28,27.66666667,-3.566666667,0
400,28,95,28,86,28,95,27,89,28,27.66666667,-3.533333333,0
401,28,95,28,85,28,95,27,89,28,27.33333333,-5.016666667,0
402,28,95,28,85,28,95,27,89,28,27.33333333,-5,0
403,28,95,28,87,28,95,27,88,28,27.66666667,-3.466666667,0
404,28,95,28,87,28,95,27,89,28,27.66666667,-3.433333333,0
405,28,95,28,86,28,95,27,88,28,27.66666667,-3.4,0
406,28,95,28,86,28,95,27,88,28,27.66666667,-3.366666667,0
407,28,95,28,86,28,95,27,88,28,27.33333333,-4.85,0
408,28,95,28,86,28,95,27,88,28,27.33333333,-4.833333333,0
409,28,95,28,85,28,95,27,88,28,27.33333333,-4.816666667,0
410,28,95,28,83,28,95,27,87,28,27.33333333,-4.8,0
411,28,93,28,83,28,95,27,87,28,27.33333333,-4.783333333,0
412,28,95,28,83,28,95,27,86,28,27.33333333,-4.766666667,0
413,28,95,28,81,28,95,27,86,28,27,-6.266666667,0
414,28,95,28,80,28,95,27,85,28,26.66666667,-7.783333333,0
415,28,95,28,79,28,95,27,84,28,26.66666667,-7.8,0
416,28,95,28,79,28,95,27,83,28,26.66666667,-7.816666667,0
417,28,95,28,78,28,95,27,83,28,26.66666667,-7.833333333,0
418,28,95,28,78,28,95,27,83,28,26.66666667,-7.85,0
419,28,95,28,77,28,95,27,82,28,26.66666667,-7.866666667,0
420,28,95,28,76,28,94,27,81,28,26.66666667,-7.883333333,0
421,28,95,28,76,28,95,27,81,28,26.66666667,-7.9,0
422,28,95,28,75,28,94,27,81,28,26.66666667,-7.916666667,0
423,28,95,28,75,28,95,27,80,28,26.66666667,-7.933333333,0
424,28,95,28,75,28,95,27,80,28,26.66666667,-7.95,0
425,28,94,28,74,28,95,27,79,28,26.66666667,-7.966666667,0
426,26,94,28,74,28,94,27,79,28,26.66666667,-7.983333333,0
427,26,94,28,73,28,94,27,81,28,26.66666667,-8,0
428,26,95,28,73,28,95,27,83,28,26.66666667,-8.016666667,0
429,26,95,28,73,28,95,27,83,28,26.66666667,-8.033333333,0
430,26,95,28,73,28,95,27,83,28,26.33333333,-9.566666667,0
431,26,95,28,74,28,95,27,83,28,26.33333333,-9.6,0
432,26,95,27,74,28,95,27,85,28,26.33333333,-9.633333333,0
433,26,95,27,75,28,95,27,85,28,26,-11.18333333,0
434,26,95,27,75,28,95,27,85,28,26,-11.23333333,0
435,26,95,27,76,28,95,27,85,28,26,-11.28333333,0
436,26,95,27,76,28,95,27,85,28,26,-11.33333333,0
437,26,95,27,76,28,95,27,86,28,26,-11.38333333,0
438,26,95,27,77,28,95,27,86,28,26,-11.43333333,0
439,26,95,27,77,28,95,27,86,28,26.33333333,-9.966666667,0
440,26,95,27,78,28,95,27,86,28,26.33333333,-10,0
441,26,95,27,79,28,95,27,86,28,26.33333333,-10.03333333,0
442,26,95,27,79,28,95,27,86,28,26.33333333,-10.06666667,0
443,26,95,27,80,28,95,27,86,28,26.33333333,-10.1,0
444,26,95,27,80,28,95,27,86,28,26.33333333,-10.13333333,0
445,26,95,27,81,28,95,27,86,28,26.33333333,-10.16666667,0
446,26,95,27,81,28,95,27,87,28,26.33333333,-10.2,0
447,26,95,27,81,28,95,27,87,28,26.33333333,-10.23333333,0
448,26,95,27,81,28,95,27,87,28,26.33333333,-10.26666667,0
449,26,95,27,82,28,95,27,87,28,26.33333333,-10.3,0
450,26,95,27,82,28,95,27,88,28,26.33333333,-10.33333333,0
451,26,95,27,82,28,95,27,88,28,26.33333333,-10.36666667,0
452,26,95,27,82,28,95,27,88,28,26.33333333,-10.4,0
453,26,95,27,82,28,95,27,88,28,26.33333333,-10.43333333,0
454,26,95,27,82,28,95,27,88,28,26.33333333,-10.46666667,0
455,26,95,27,83,28,95,27,88,28,26.33333333,-10.5,0
456,26,95,27,83,28,95,27,89,28,26.33333333,-10.53333333,0
457,26,95,27,83,28,95,27,89,28,26.33333333,-10.56666667,0
458,26,95,27,83,28,95,27,89,28,26.33333333,-10.6,0
459,26,95,27,83,28,95,27,89,28,26.33333333,-10.63333333,0
460,26,95,27,83,28,95,27,89,28,26.33333333,-10.66666667,0
461,26,95,27,84,28,95,27,89,28,26.33333333,-10.7,0
462,26,95,27,84,28,95,27,89,28,26.33333333,-10.73333333,0
463,26,95,27,84,28,95,27,89,28,26.33333333,-10.76666667,0
464,26,95,27,84,28,95,27,90,28,26.33333333,-10.8,0
465,26,95,27,85,28,95,27,90,28,26.33333333,-10.83333333,0
466,26,95,27,85,28,95,27,90,28,26.66666667,-9.35,0
467,26,95,27,85,28,95,27,90,28,26.66666667,-9.366666667,0
468,26,95,27,85,28,95,27,90,28,26.66666667,-9.383333333,0
469,26,95,27,85,28,95,27,90,28,26.66666667,-9.4,0
470,26,95,27,85,28,95,27,90,28,26.66666667,-9.416666667,0
471,26,95,27,85,28,95,27,90,28,26.66666667,-9.433333333,0
472,26,95,27,85,28,95,27,91,28,26.66666667,-9.45,0
473,27,95,27,86,28,95,27,91,28,27,-7.95,0
474,27,95,27,85,28,95,27,90,28,27,-7.95,0
475,27,95,27,86,28,95,27,91,28,27,-7.95,0
476,27,95,27,86,28,95,27,91,28,27,-7.95,0
477,27,95,27,86,28,95,27,91,28,27,-7.95,0
478,27,95,27,86,28,95,27,91,28,27,-7.95,0
479,27,95,27,86,28,95,27,91,28,27,-7.95,0
480,27,95,27,86,28,95,27,91,28,27,1.15,1
481,27,95,27,86,28,95,27,91,28,27,1.25,1
482,27,95,27,86,28,95,27,91,28,27,1.35,1
483,27,95,27,86,28,95,27,91,28,27,1.45,1
484,27,95,27,86,28,95,27,91,28,27,1.55,1
485,27,95,27,86,28,95,27,91,28,27,1.65,1
486,27,95,27,86,28,95,27,91,28,27,1.75,1
487,27,95,27,86,28,95,27,91,28,27,1.85,1
488,27,95,27,86,28,95,27,91,28,27,1.95,1
489,27,95,27,87,28,95,27,91,28,27,2.05,1
490,27,95,27,86,28,95,27,88,28,27,2.15,1
491,27,95,27,86,28,95,27,88,28,27,2.25,1
492,27,95,27,85,28,95,27,88,28,27,2.35,1
493,27,95,27,85,28,95,26,88,28,26.33333333,-0.583333333,0
494,27,95,27,84,28,95,26,87,28,26.33333333,-0.516666667,0
495,27,95,27,84,28,95,26,88,28,26.33333333,-0.45,0
496,25,95,27,83,28,95,26,88,28,26,-1.9,0
497,25,95,27,82,28,95,26,87,28,26,-1.85,0
498,25,95,27,81,27,95,26,88,28,26,-1.8,0
499,25,95,27,81,27,95,26,89,28,26,-1.75,0
500,25,95,27,81,27,95,26,89,28,26,-1.7,0
501,25,95,27,80,27,95,26,88,28,26,-1.65,0
502,25,95,27,80,27,95,26,87,28,26,-1.6,0
503,25,95,27,79,27,95,26,87,28,26,-1.55,0
504,25,95,27,78,27,95,26,86,28,26,-1.5,0
505,25,95,27,78,27,95,26,85,28,26,-1.45,0
506,25,95,27,77,27,95,26,84,28,26,-1.4,0
507,25,95,27,77,27,95,26,84,28,26,-1.35,0
508,25,95,27,76,27,95,26,83,28,26,-1.3,0
509,25,95,27,76,27,95,26,83,28,26,-1.25,0
510,25,95,27,75,27,95,26,83,28,26,-1.2,0
511,25,95,27,74,27,95,26,81,28,26,-1.15,0
512,25,95,27,74,27,95,26,80,28,26,-1.1,0
513,25,95,27,74,27,93,26,80,28,26,-1.05,0
514,25,94,27,73,27,95,26,79,28,26,-1,0
515,25,94,27,73,27,95,26,79,28,26,-0.95,0
516,25,94,27,73,27,93,26,79,28,26,-0.9,0
517,25,92,27,72,27,94,26,78,28,26,-0.85,0
518,25,92,26,72,27,94,26,78,28,25.66666667,-2.316666667,0
519,25,92,26,71,27,93,26,77,28,25.66666667,-2.283333333,0
520,25,92,26,71,27,92,26,78,28,25.66666667,-2.25,0
521,25,90,26,70,27,92,26,76,28,25.66666667,-2.216666667,0
522,25,90,26,70,27,91,26,75,28,25.66666667,-2.183333333,0
523,25,89,26,70,27,91,26,75,28,25.66666667,-2.15,0
524,25,88,26,69,27,91,26,75,28,25.66666667,-2.116666667,0
525,25,90,26,69,27,90,26,75,28,25.66666667,-2.083333333,0
526,25,90,26,68,27,89,26,74,28,25.66666667,-2.05,0
527,25,88,26,68,27,88,26,74,28,25.66666667,-2.016666667,0
528,25,89,26,68,27,89,26,72,28,25.66666667,-1.983333333,0
529,25,89,26,68,27,89,26,72,28,25.66666667,-1.95,0
530,25,89,26,67,27,88,26,72,28,25.66666667,-1.916666667,0
531,25,89,26,67,27,88,26,72,28,25.66666667,-1.883333333,0
532,25,88,26,67,27,89,26,72,28,25.66666667,-1.85,0
533,25,87,26,67,27,87,26,72,28,25.66666667,-1.816666667,0
534,25,88,26,66,27,87,26,71,28,25.66666667,-1.783333333,0
535,25,87,26,66,27,89,26,71,28,25.66666667,-1.75,0
536,25,87,26,66,27,87,26,71,28,25.66666667,-1.716666667,0
537,25,85,26,65,27,88,26,71,28,25.66666667,-1.683333333,0
538,25,86,26,65,27,87,26,71,28,25.66666667,-1.65,0
539,25,86,26,65,27,87,26,70,28,25.66666667,-1.616666667,0
540,25,85,26,64,27,87,26,69,28,25.66666667,-1.583333333,0
541,25,85,26,64,27,88,26,69,28,25.66666667,-1.55,0
542,25,84,26,64,27,88,26,68,28,25.66666667,-1.516666667,0
543,25,84,26,64,27,88,26,68,28,25.66666667,-1.483333333,0
544,25,84,26,64,27,86,26,67,28,25.66666667,-1.45,0
545,25,84,26,63,27,85,26,68,28,25.66666667,-1.416666667,0
546,25,79,26,63,27,86,26,67,28,25.66666667,-1.383333333,0
547,24,78,26,62,27,87,26,67,28,25.33333333,-2.866666667,0
548,24,77,26,62,27,87,25,66,28,25,-4.366666667,0
549,24,79,26,61,27,88,25,65,28,25,-4.366666667,0
550,24,79,26,61,27,88,25,66,28,25,-4.366666667,0
551,24,81,26,61,27,85,25,66,28,24.66666667,-5.883333333,0
552,24,82,26,62,27,87,25,67,28,24.66666667,-5.9,0
553,24,82,26,62,27,89,25,67,28,24.66666667,-5.916666667,0
554,24,82,26,62,27,88,25,67,28,24.66666667,-5.933333333,0
555,24,82,26,61,27,87,25,69,28,24.33333333,-7.466666667,0
556,24,83,26,61,27,86,25,69,28,24.33333333,-7.5,0
557,24,83,26,61,27,87,25,72,28,24.33333333,-7.533333333,0
558,24,87,26,61,27,89,25,72,28,24.33333333,-7.566666667,0
559,24,89,26,62,27,88,25,73,28,24.33333333,-7.6,0
560,24,91,26,62,27,87,25,75,28,24.33333333,-7.633333333,0
561,24,93,26,63,27,87,25,75,28,24.33333333,-7.666666667,0
562,24,90,26,63,27,90,25,76,28,24.66666667,-6.183333333,0
563,24,89,26,65,27,88,25,77,28,25,-4.683333333,0
564,24,90,26,65,27,90,25,77,28,25,-4.683333333,0
565,24,91,26,66,27,89,25,78,28,25,-4.683333333,0
566,24,89,26,68,27,89,25,78,28,25,-4.683333333,0
567,24,89,26,68,27,90,25,78,28,25,-4.683333333,0
568,24,89,26,69,27,93,25,77,28,25,-4.683333333,0
569,24,90,26,70,27,93,25,77,28,25,-4.683333333,0
570,24,90,26,70,27,93,25,76,28,25,-4.683333333,0
571,24,91,26,70,27,93,25,76,28,25,-4.683333333,0
572,24,90,26,70,27,92,25,77,28,25,-4.683333333,0
573,24,90,26,70,27,93,24,76,28,24.66666667,-6.2,0
574,24,91,26,69,27,95,24,77,28,24.66666667,-6.216666667,0
575,24,90,26,69,27,93,24,77,28,24.66666667,-6.233333333,0
576,24,90,26,69,27,93,24,76,28,24.66666667,-6.25,0
577,24,89,26,69,27,92,24,76,28,24.66666667,-6.266666667,0
578,24,88,26,68,27,92,24,76,28,24.66666667,-6.283333333,0
579,24,88,26,68,27,92,24,75,28,24.33333333,-7.816666667,0
580,24,88,26,68,27,93,24,75,28,24.66666667,-6.333333333,0
581,24,87,26,68,27,91,24,74,28,24.33333333,-7.866666667,0
582,24,87,26,66,27,90,24,74,28,24,-9.416666667,0
583,24,87,26,66,27,91,24,74,28,24,-9.466666667,0
584,24,87,26,66,27,92,24,74,28,24,-9.516666667,0
585,24,87,26,66,27,91,24,74,28,24,-9.566666667,0
586,24,87,26,65,27,91,24,74,28,24,-9.616666667,0
587,24,87,26,65,27,92,24,73,28,24,-9.666666667,0
588,24,87,26,65,27,92,24,74,28,24,-9.716666667,0
589,24,88,26,65,27,90,24,75,28,24,-9.766666667,0
590,24,90,26,65,27,91,24,77,28,24,-9.816666667,0
591,24,92,26,64,27,88,24,77,28,24,-9.866666667,0
592,24,92,26,65,27,86,24,79,28,24,-9.916666667,0
593,24,95,26,65,27,93,24,81,28,24,-9.966666667,0
594,24,95,26,66,27,92,24,80,28,24.33333333,-8.5,0
595,24,93,26,67,27,93,24,81,28,24.33333333,-8.533333333,0
596,24,93,26,67,27,95,24,81,28,24.33333333,-8.566666667,0
597,24,92,26,68,27,95,24,80,28,24.33333333,-8.6,0
598,24,93,26,69,27,95,24,80,28,24.66666667,-7.116666667,0
599,24,94,26,69,27,95,24,80,28,24.66666667,-7.133333333,0
600,24,89,26,69,27,95,24,79,28,25,-5.633333333,0
601,24,89,26,69,27,95,24,79,28,25,-5.633333333,0
602,24,88,26,70,27,94,24,78,28,25,-5.633333333,0
603,24,88,26,71,27,92,24,78,28,25,-5.633333333,0
604,24,88,26,70,27,92,24,78,28,25,-5.633333333,0
605,24,88,26,70,27,93,24,78,28,25,-5.633333333,0
606,24,88,26,70,27,93,24,77,28,25,-5.633333333,0
607,24,89,26,69,27,94,24,75,28,25,-5.633333333,0
608,25,87,26,69,27,92,24,75,28,25.33333333,-4.116666667,0
609,25,87,26,68,27,92,24,74,28,25,-5.616666667,0
610,25,86,26,68,27,90,24,72,28,25.33333333,-4.1,0
611,25,86,26,68,27,91,24,72,28,25.33333333,-4.083333333,0
612,25,86,26,67,27,91,24,71,28,25.33333333,-4.066666667,0
613,25,86,26,66,27,91,24,71,28,25.33333333,-4.05,0
614,25,85,26,66,27,91,24,71,28,25.33333333,-4.033333333,0
615,25,83,26,66,27,93,24,70,28,25.33333333,-4.016666667,0
616,25,84,26,65,27,93,25,72,28,25.66666667,-2.483333333,0
617,25,84,26,65,27,91,25,71,28,25.66666667,-2.45,0
618,25,82,26,65,27,89,25,70,28,25.66666667,-2.416666667,0
619,25,83,26,64,27,90,25,70,28,25.66666667,-2.383333333,0
620,25,81,26,64,27,90,25,69,28,25.66666667,-2.35,0
621,25,82,26,63,27,91,25,69,28,25.66666667,-2.316666667,0
622,25,81,26,63,27,90,25,71,28,25.66666667,-2.283333333,0
623,25,81,26,63,27,93,25,71,28,25.66666667,-2.25,0
624,25,82,26,63,27,94,25,73,28,25.33333333,-3.733333333,0
625,25,85,26,62,27,94,25,73,28,25.33333333,-3.716666667,0
626,25,86,26,63,27,95,25,73,28,25,-5.216666667,0
627,25,83,26,63,27,94,25,73,28,25,-5.216666667,0
628,25,84,26,64,27,93,25,74,28,25,-5.216666667,0
629,25,85,26,64,27,91,25,75,28,25,-5.216666667,0
630,25,87,26,64,27,93,25,75,28,25,-5.216666667,0
631,25,87,26,64,27,93,25,76,28,25,-5.216666667,0
632,25,85,26,65,27,92,25,74,28,25,-5.216666667,0
633,25,84,26,65,27,90,25,74,28,25,-5.216666667,0
634,25,84,26,66,27,92,25,74,28,25,-5.216666667,0
635,25,84,26,67,27,94,25,74,28,25,-5.216666667,0
636,25,84,26,67,27,93,25,74,28,25,-5.216666667,0
637,25,84,26,67,27,91,25,74,28,25,-5.216666667,0
638,25,84,26,67,27,93,25,72,28,25.33333333,-3.7,0
639,25,84,26,67,27,91,25,73,28,25.66666667,-2.166666667,0
640,25,84,26,67,27,91,25,73,28,25.66666667,-2.133333333,0
641,25,83,26,66,27,91,25,72,28,25.66666667,-2.1,0
642,25,83,26,66,27,88,25,71,28,25.66666667,-2.066666667,0
643,25,84,26,65,27,89,25,70,28,25.66666667,-2.033333333,0
644,25,81,26,65,27,90,25,70,28,25.66666667,-2,0
645,25,81,26,64,27,88,25,70,28,25.66666667,-1.966666667,0
646,25,82,26,64,27,88,25,70,28,25.33333333,-3.45,0
647,25,82,26,64,27,88,25,70,28,25.33333333,-3.433333333,0
648,25,81,26,63,27,88,25,69,28,25.66666667,-1.9,0
649,25,81,26,63,27,89,25,69,28,25.66666667,-1.866666667,0
650,25,82,26,63,27,88,25,69,28,25.66666667,-1.833333333,0
651,24,80,26,62,27,87,25,68,28,25.33333333,-3.316666667,0
652,24,79,26,62,27,90,25,68,28,25.33333333,-3.3,0
653,24,80,26,62,27,89,25,68,28,25.33333333,-3.283333333,0
654,24,80,26,62,27,88,25,70,28,25.33333333,-3.266666667,0
655,24,81,26,62,27,92,25,71,28,25,-4.766666667,0
656,24,82,26,62,27,94,25,72,28,25.33333333,-3.25,0
657,24,83,26,61,27,92,25,72,28,25,-4.75,0
658,24,83,26,62,27,91,25,73,28,25,-4.75,0
659,24,83,26,62,27,91,25,73,28,25,-4.75,0
660,24,86,26,63,27,92,25,73,28,25,-4.75,0
661,24,85,26,63,27,94,25,74,28,25,-4.75,0
662,24,87,26,63,27,94,25,75,28,25,-4.75,0
663,24,85,26,64,27,94,25,74,28,25,-4.75,0
664,24,84,26,64,27,93,25,74,28,25,-4.75,0
665,24,83,26,65,27,92,25,74,28,25,-4.75,0
666,24,83,26,66,27,88,25,74,28,25,-4.75,0
667,24,83,26,66,27,88,25,74,28,25,-4.75,0
668,24,82,26,66,27,88,25,74,28,25,-4.75,0
669,24,83,26,66,27,90,25,73,28,25,-4.75,0
670,24,83,26,66,27,90,25,72,28,25,-4.75,0
671,24,83,26,66,27,89,25,72,28,25,-4.75,0
672,24,82,26,65,27,89,25,71,28,25,-4.75,0
673,24,83,26,65,27,89,26,71,28,25.33333333,-3.233333333,0
674,24,82,26,65,27,89,26,71,28,25.33333333,-3.216666667,0
675,24,83,26,65,27,88,26,71,28,25.33333333,-3.2,0
676,24,82,26,64,27,89,26,70,28,25.66666667,-1.666666667,0
677,24,81,26,64,27,89,26,70,28,25.66666667,-1.633333333,0
678,24,82,26,63,27,89,26,70,28,25.66666667,-1.6,0
679,24,80,26,63,27,90,26,69,28,25.66666667,-1.566666667,0
680,24,81,26,63,27,88,26,69,28,25.33333333,-3.05,0
681,24,81,26,63,27,87,26,69,28,25.66666667,-1.516666667,0
682,24,80,26,62,27,88,26,68,28,25.66666667,-1.483333333,0
683,24,80,26,62,27,88,26,68,28,25.66666667,-1.45,0
684,24,78,26,62,27,88,26,68,28,25.33333333,-2.933333333,0
685,24,77,26,61,27,85,26,67,28,25.33333333,-2.916666667,0
686,24,79,26,61,27,88,26,71,28,25,-4.416666667,0
687,25,78,26,61,27,91,26,71,28,25.33333333,-2.9,0
688,25,82,26,61,27,92,26,72,28,25.33333333,-2.883333333,0
689,25,81,26,61,27,92,26,71,28,25,-4.383333333,0
690,25,81,26,62,27,92,26,72,28,25,-4.383333333,0
691,25,84,26,63,27,91,26,74,28,25,-4.383333333,0
692,25,85,26,62,27,93,26,74,28,25,-4.383333333,0
693,25,86,26,63,27,93,26,74,28,25,-4.383333333,0
694,25,84,26,63,27,90,26,74,28,25,-4.383333333,0
695,25,84,26,64,27,92,26,74,28,25,-4.383333333,0
696,25,83,26,64,27,92,26,74,28,25,-4.383333333,0
697,25,83,26,65,27,90,26,74,28,25,-4.383333333,0
698,25,83,26,65,27,91,26,74,28,25,-4.383333333,0
699,25,83,26,65,27,89,26,73,28,25,-4.383333333,0
700,25,83,26,65,27,88,26,72,28,25,-4.383333333,0
701,25,83,26,66,27,87,26,72,28,25,-4.383333333,0
702,25,83,26,66,27,88,26,71,28,25,-4.383333333,0
703,25,83,26,65,27,88,26,70,28,25,-4.383333333,0
704,25,82,26,65,27,88,26,70,28,25,-4.383333333,0
705,25,81,26,64,27,89,26,70,28,25,-4.383333333,0
706,25,82,26,64,27,87,26,69,28,25,-4.383333333,0
707,25,82,26,64,27,89,26,69,28,25,-4.383333333,0
708,25,81,26,63,27,89,26,68,28,25.33333333,-2.866666667,0
709,25,81,26,63,27,90,26,68,28,25.33333333,-2.85,0
710,25,80,26,63,27,87,26,68,28,25.33333333,-2.833333333,0
711,25,80,26,62,27,87,26,68,28,25.33333333,-2.816666667,0
712,25,79,26,62,27,86,26,67,28,25.33333333,-2.8,0
713,25,79,26,62,27,86,26,66,28,25.33333333,-2.783333333,0
714,25,78,26,62,27,88,26,66,28,25.33333333,-2.766666667,0
715,25,77,26,61,27,89,26,66,28,25.33333333,-2.75,0
716,25,79,26,61,27,88,26,65,28,25,-4.25,0
717,25,78,26,61,27,89,26,66,28,25,-4.25,0
718,25,80,26,60,27,88,26,69,28,25.33333333,-2.733333333,0
719,25,79,26,61,27,91,26,71,28,25,-4.233333333,0
720,25,69,26,63,27,81,26,69,28,,,
721,25,67,26,63,27,80,26,69,28,,,
722,25,66,26,63,27,80,26,69,28,,,
723,25,67,26,62,27,79,26,68,28,,,
724,25,67,26,62,27,81,26,68,28,,,
725,25,66,26,62,27,80,26,69,28,,,
726,25,67,26,62,27,82,26,69,28,,,
727,25,65,26,62,27,83,26,70,28,,,
728,25,67,26,63,27,82,26,70,28,,,
729,25,67,26,64,27,83,26,71,28,,,
730,25,67,26,64,27,83,26,72,28,,,
731,25,68,26,65,27,84,26,72,28,,,
732,25,67,26,65,27,82,26,73,28,,,
733,25,66,26,65,27,84,26,73,28,,,
734,25,66,26,66,27,83,26,72,28,,,
735,25,67,26,67,27,83,26,72,28,,,
736,25,68,26,66,27,83,26,72,28,,,
737,24,68,26,66,27,82,26,72,28,,,
738,24,68,26,66,27,82,26,72,28,,,
739,24,68,26,65,27,81,26,72,28,,,
740,24,65,26,64,27,83,26,71,28,,,
741,24,67,26,64,27,81,26,70,28,,,
742,24,66,26,64,27,81,26,70,28,,,
743,24,66,26,63,27,80,26,69,28,,,
744,24,65,26,63,27,81,26,68,28,,,
745,24,66,26,62,27,80,26,67,28,,,
746,24,66,26,61,27,79,26,67,28,,,
747,24,66,26,61,27,78,26,66,28,,,
748,24,64,26,60,27,80,26,66,28,,,
749,24,66,26,60,27,78,26,65,28,,,
750,24,65,26,60,27,80,26,65,28,,,
751,24,65,26,59,27,77,26,64,28,,,
752,24,64,26,59,27,78,26,64,28,,,
753,24,64,26,58,27,76,26,63,28,,,
754,24,63,26,58,27,76,26,63,28,,,
755,24,63,26,58,27,77,26,62,28,,,
756,23,63,26,57,27,77,26,62,28,,,
757,23,63,26,57,27,78,26,62,28,,,
758,23,62,26,57,27,76,26,61,28,,,
759,23,61,26,57,27,76,26,61,28,,,
760,23,61,26,57,27,76,26,61,28,,,
761,23,62,26,56,26,75,26,60,28,,,
762,23,61,26,56,26,76,26,60,28,,,
763,23,61,26,55,26,76,26,60,28,,,
764,23,61,26,55,26,78,26,60,28,,,
765,23,62,26,55,26,75,26,60,28,,,
766,23,61,26,55,26,75,26,59,28,,,
767,23,60,26,54,26,74,26,59,28,,,
768,23,60,26,54,26,76,26,58,28,,,
769,23,61,26,54,26,75,26,58,28,,,
770,23,59,26,54,26,75,26,58,28,,,
771,23,59,26,53,26,73,26,58,28,,,
772,23,59,26,53,26,75,26,58,28,,,
773,23,60,26,53,26,74,26,58,28,,,
774,23,59,26,53,26,73,26,57,28,,,
775,23,59,26,53,26,74,26,57,28,,,
776,23,59,26,52,26,74,26,57,28,,,
777,23,60,26,52,26,74,26,57,28,,,
778,23,59,26,52,26,76,26,57,28,,,
779,23,59,26,52,26,72,26,56,28,,,
780,22,59,26,52,26,74,26,56,28,,,
781,22,59,26,51,26,72,26,56,28,,,
782,22,57,26,51,26,74,26,56,28,,,
783,22,58,26,51,26,75,26,56,28,,,
784,22,57,26,51,26,73,26,55,28,,,
785,22,58,26,51,26,73,26,56,28,,,
786,22,56,26,51,26,73,25,54,28,,,
787,22,57,26,51,26,73,25,54,28,,,
788,22,57,26,50,26,75,25,54,28,,,
789,22,58,26,50,26,73,25,54,28,,,
790,22,57,26,50,26,72,25,54,28,,,
791,22,56,26,50,26,72,25,54,28,,,
792,22,57,26,50,26,72,25,54,28,,,
793,22,57,26,50,26,74,25,53,28,,,
794,22,56,26,50,26,73,25,53,28,,,
795,22,57,26,50,26,73,25,53,28,,,
796,22,57,26,48,26,72,25,53,28,,,
797,22,56,26,49,26,73,25,53,28,,,
798,22,56,26,49,26,73,25,53,28,,,
799,22,56,25,48,26,72,25,53,28,,,
800,22,56,25,48,26,72,25,53,28,,,
801,22,56,25,48,26,72,25,53,28,,,
802,22,56,25,48,26,72,25,53,28,,,
803,22,56,25,47,26,73,25,52,28,,,
804,22,55,25,48,26,72,25,52,28,,,
805,22,55,25,48,26,72,25,52,28,,,
806,22,55,25,47,26,74,25,52,28,,,
807,22,55,25,48,26,70,25,51,28,,,
808,22,55,25,47,26,72,25,51,28,,,
809,22,56,25,47,26,70,25,51,28,,,
810,22,55,25,47,26,70,25,51,28,,,
811,22,56,25,47,26,72,25,51,28,,,
812,22,56,25,47,26,72,25,51,28,,,
813,22,55,25,47,26,72,25,51,28,,,
814,22,54,25,47,26,73,25,50,28,,,
815,22,54,25,47,26,71,25,50,28,,,
816,22,55,25,47,26,70,25,50,28,,,
817,22,55,25,47,26,71,25,50,28,,,
818,22,56,25,47,26,71,25,50,28,,,
819,22,53,25,46,26,71,25,50,28,,,
820,22,54,25,46,26,72,25,50,28,,,
821,22,54,25,47,26,71,25,50,28,,,
822,22,53,25,46,26,71,25,50,28,,,
823,22,54,25,46,26,71,25,49,28,,,
824,22,55,25,46,26,71,25,49,28,,,
825,22,55,25,46,26,70,25,49,28,,,
826,22,56,25,46,26,72,25,49,28,,,
827,22,55,25,46,26,70,25,50,28,,,
828,22,54,25,46,26,69,25,50,28,,,
829,23,55,25,46,26,71,25,50,28,,,
830,23,53,25,46,26,72,25,50,28,,,
831,23,54,25,47,26,71,25,51,28,,,
832,23,53,25,45,26,73,25,51,28,,,
833,23,53,25,45,26,71,25,50,28,,,
834,23,53,25,46,26,70,25,50,28,,,
835,23,54,25,46,26,72,25,50,28,,,
836,23,54,25,46,26,72,25,50,28,,,
837,23,54,25,46,26,70,25,50,28,,,
838,23,54,25,45,26,70,25,50,28,,,
839,23,54,25,46,26,70,25,49,28,,,
840,23,53,25,46,26,69,25,49,28,,,
841,23,54,25,46,26,72,25,49,28,,,
842,23,53,25,45,26,72,25,49,28,,,
843,23,55,25,46,26,72,25,49,28,,,
844,23,55,25,46,26,72,25,49,28,,,
845,23,55,25,45,26,73,25,52,28,,,
846,23,55,25,46,26,76,25,54,28,,,
847,23,56,25,45,26,79,25,55,28,,,
848,23,54,25,46,26,76,25,55,28,,,
849,23,56,25,48,26,76,25,56,28,,,
850,23,57,25,49,26,76,25,58,28,,,
851,23,57,25,49,26,76,25,59,28,,,
852,23,58,25,50,26,76,25,60,28,,,
853,23,57,25,50,26,76,25,60,28,,,
854,23,57,25,52,26,77,25,60,28,,,
855,23,57,25,52,26,77,25,60,28,,,
856,23,57,25,53,26,75,25,60,28,,,
857,23,58,25,53,26,77,25,60,28,,,
858,23,59,25,53,26,76,25,60,28,,,
859,23,59,25,53,26,76,25,60,28,,,
860,23,59,25,54,26,75,25,60,28,,,
861,23,59,25,54,26,76,25,59,28,,,
862,23,60,25,54,26,74,25,59,28,,,
863,23,60,25,53,26,75,25,59,28,,,
864,23,59,25,53,26,76,25,58,28,,,
865,23,58,25,53,26,76,25,58,28,,,
866,23,57,25,52,26,78,25,58,28,,,
867,23,57,25,52,26,76,25,57,28,,,
868,23,57,25,52,26,75,25,57,28,,,
869,23,58,25,51,26,74,25,56,28,,,
870,23,58,25,51,26,73,25,56,28,,,
871,23,58,25,51,26,75,25,56,28,,,
872,23,56,25,51,26,74,25,56,28,,,
873,23,57,25,51,26,74,25,55,28,,,
874,23,57,25,50,26,75,25,55,28,,,
875,23,58,25,50,26,74,25,55,28,,,
876,23,57,25,50,26,74,25,54,28,,,
877,22,57,25,50,26,73,25,54,28,,,
878,22,56,25,49,26,72,25,54,28,,,
879,22,56,25,50,26,73,25,54,28,,,
880,22,57,25,50,26,73,25,54,28,,,
881,22,56,25,50,26,73,25,54,28,,,
882,22,55,25,49,26,72,25,53,28,,,
883,22,56,25,49,26,72,25,53,28,,,
884,22,56,25,49,26,74,25,53,28,,,
885,22,57,25,49,26,74,25,53,28,,,
886,22,57,25,48,26,74,25,53,28,,,
887,22,57,25,48,26,72,25,52,28,,,
888,22,56,25,48,26,73,25,52,28,,,
889,22,56,25,48,26,72,25,52,28,,,
890,22,54,25,48,26,72,25,52,28,,,
891,22,54,25,48,26,73,25,52,28,,,
892,22,55,25,48,26,72,25,52,28,,,
893,22,56,25,48,26,72,25,52,28,,,
894,22,55,25,48,26,73,25,52,28,,,
895,22,54,25,47,26,74,25,52,28,,,
896,22,55,25,47,26,74,25,51,28,,,
897,22,54,25,47,26,72,25,51,28,,,
898,22,54,25,47,26,71,25,51,28,,,
899,22,54,25,47,26,72,25,51,28,,,
900,22,54,25,47,26,71,25,51,28,,,
901,22,55,25,47,26,71,25,50,28,,,
902,22,54,25,47,26,70,25,50,28,,,
903,22,54,25,46,26,71,25,50,28,,,
904,22,55,25,46,26,73,25,50,28,,,
905,22,54,25,46,26,72,25,50,28,,,
906,22,55,25,46,26,72,25,50,28,,,
907,22,54,25,46,26,71,25,50,28,,,
908,22,53,25,46,26,72,25,50,28,,,
909,22,54,25,46,26,71,25,50,28,,,
910,22,54,25,46,26,70,25,50,28,,,
911,22,53,25,46,26,72,25,50,28,,,
912,22,54,25,46,26,71,25,50,28,,,
913,22,53,25,46,26,72,25,49,28,,,
914,22,52,25,46,26,71,25,49,28,,,
915,22,54,25,46,26,70,25,50,28,,,
916,22,54,25,46,26,71,25,49,28,,,
917,22,54,25,46,26,71,25,49,28,,,
918,22,54,25,45,26,71,25,49,28,,,
919,22,53,25,46,26,71,25,49,28,,,
920,22,54,25,45,26,72,25,49,28,,,
921,22,52,25,45,26,72,25,49,28,,,
922,22,52,25,46,26,71,25,49,28,,,
923,22,53,25,46,26,72,25,49,28,,,
924,22,53,25,45,26,71,25,49,28,,,
925,22,53,25,46,26,71,25,49,28,,,
926,22,53,25,46,26,71,25,49,28,,,
927,22,52,25,45,26,72,25,49,28,,,
928,22,52,25,45,26,72,25,49,28,,,
929,22,53,25,45,26,72,25,49,28,,,
930,22,53,25,45,26,70,25,49,28,,,
931,22,52,25,45,26,71,25,48,28,,,
932,22,53,25,45,26,70,25,49,28,,,
933,22,53,25,45,26,70,25,49,28,,,
934,22,53,25,45,26,70,25,48,28,,,
935,22,52,25,45,26,69,25,48,28,,,
936,22,53,25,45,25,69,25,48,28,,,
937,22,54,25,45,25,70,25,48,28,,,
938,22,52,25,45,25,69,25,48,28,,,
939,22,52,25,45,25,69,25,48,28,,,
940,22,52,25,45,25,70,25,48,28,,,
941,22,52,25,44,25,70,25,48,28,,,
942,22,52,25,44,25,71,25,48,28,,,
943,22,53,25,45,25,67,25,48,28,,,
944,22,52,25,45,25,68,25,49,28,,,
945,22,52,25,45,25,71,24,50,28,,,
946,22,52,25,44,25,71,24,50,28,,,
947,22,53,25,44,25,67,24,49,28,,,
948,22,52,25,45,25,70,24,49,28,,,
949,22,53,25,44,25,69,24,49,28,,,
950,22,52,25,44,25,70,24,49,28,,,
951,22,53,25,44,25,70,24,49,28,,,
952,22,52,25,44,25,70,24,49,28,,,
953,22,53,25,44,25,68,24,49,28,,,
954,22,54,25,45,25,70,24,49,28,,,
955,22,53,25,44,25,69,24,48,28,,,
956,22,52,25,44,25,69,24,48,28,,,
957,22,52,25,44,25,70,24,48,28,,,
958,22,52,25,44,25,69,24,48,28,,,
959,22,52,25,44,25,68,24,48,28,,,
960,22,52,25,44,25,70,24,48,28,,,
961,22,52,25,44,25,70,24,49,28,,,
962,22,52,25,45,25,71,24,48,28,,,
963,22,54,25,45,25,70,24,48,28,,,
964,22,56,25,44,25,71,24,48,28,,,
965,22,57,25,44,25,71,24,51,28,,,
966,23,56,25,45,25,73,24,54,28,,,
967,23,56,25,46,25,74,24,55,28,,,
968,23,55,25,46,25,77,24,56,28,,,
969,23,56,25,48,25,75,24,58,28,,,
970,23,57,25,48,25,79,24,59,28,,,
971,23,57,25,48,25,75,24,60,28,,,
972,23,57,25,49,25,74,24,60,28,,,
973,23,57,25,49,25,76,24,60,28,,,
974,23,60,25,50,25,76,24,61,28,,,
975,23,60,25,51,25,77,24,61,28,,,
976,23,56,25,52,26,78,24,60,28,,,
977,23,56,25,53,26,78,24,61,28,,,
978,23,58,25,53,26,75,24,60,28,,,
979,23,57,25,53,26,76,25,60,28,,,
980,23,58,25,53,26,75,25,60,28,,,
981,23,58,25,54,26,75,25,60,28,,,
982,23,58,25,54,26,73,25,60,28,,,
983,23,58,25,53,26,75,25,59,28,,,
984,23,58,25,53,26,76,25,59,28,,,
985,23,57,25,53,26,76,25,59,28,,,
986,23,57,25,52,26,75,25,58,28,,,
987,23,58,25,52,26,77,25,58,28,,,
988,23,57,25,52,26,77,25,57,28,,,
989,22,58,25,52,26,77,25,57,28,,,
990,22,57,25,51,26,79,25,57,28,,,
991,22,57,25,51,26,75,25,57,28,,,
992,22,57,25,51,26,74,25,56,28,,,
993,22,56,25,51,26,74,25,56,28,,,
994,22,57,25,50,26,75,25,55,28,,,
995,22,57,25,50,26,76,25,55,28,,,
996,22,56,25,50,26,78,25,55,28,,,
997,22,57,25,50,26,73,25,54,28,,,
998,22,57,25,49,26,73,25,54,28,,,
999,22,56,25,49,26,72,25,54,28,,,
1000,22,57,25,49,26,75,25,54,28,,,
1001,22,57,25,49,26,73,25,54,28,,,
1002,22,56,25,49,26,74,25,53,28,,,
1003,22,56,25,49,26,73,25,53,28,,,
1004,22,56,25,49,26,72,25,53,28,,,
1005,22,55,25,49,26,74,25,53,28,,,
1006,22,55,25,49,26,73,25,53,28,,,
1007,22,55,25,48,26,72,25,53,28,,,
1008,22,55,25,48,26,71,25,52,28,,,
1009,22,55,25,48,26,71,25,52,28,,,
1010,22,55,25,48,26,70,25,52,28,,,
1011,22,54,25,48,26,70,25,52,28,,,
1012,22,55,25,48,26,71,25,52,28,,,
1013,22,54,25,48,26,70,25,52,28,,,
1014,22,54,25,48,26,71,25,52,28,,,
1015,22,55,25,47,26,71,25,52,28,,,
1016,22,55,25,48,26,72,24,51,28,,,
1017,22,57,25,47,26,72,24,54,28,,,
1018,22,59,25,48,26,74,24,56,28,,,
1019,23,58,25,48,26,74,24,57,28,,,
1020,23,57,25,48,26,75,24,58,28,,,
1021,23,57,25,49,26,76,24,59,28,,,
1022,23,57,25,50,26,76,24,60,28,,,
1023,23,58,25,52,26,77,24,62,28,,,
1024,23,59,25,52,26,77,24,62,28,,,
1025,23,59,25,52,26,78,24,63,28,,,
1026,23,59,25,53,26,79,24,63,28,,,
1027,23,59,25,53,26,78,24,63,28,,,
1028,23,59,25,54,26,78,24,62,28,,,
1029,23,59,25,55,26,76,24,63,28,,,
1030,23,59,25,55,26,74,24,63,28,,,
1031,23,62,25,55,26,75,24,62,28,,,
1032,23,61,25,55,26,76,24,62,28,,,
1033,23,61,25,55,26,76,24,62,28,,,
1034,23,61,25,55,26,76,24,62,28,,,
1035,23,61,25,55,26,76,24,61,28,,,
1036,23,60,25,55,26,77,24,61,28,,,
1037,23,59,25,54,26,75,25,60,28,,,
1038,23,59,25,54,26,79,25,60,28,,,
1039,23,59,25,54,26,79,25,59,28,,,
1040,23,59,25,53,26,76,25,59,28,,,
1041,23,58,25,53,26,77,25,58,28,,,
1042,23,58,25,53,26,79,25,58,28,,,
1043,22,59,25,53,26,75,25,58,28,,,
1044,22,58,25,52,26,74,25,57,28,,,
1045,22,58,25,52,26,77,25,57,28,,,
1046,22,58,25,52,26,77,25,57,28,,,
1047,22,58,25,52,26,76,25,57,28,,,
1048,22,57,25,51,26,73,25,56,28,,,
1049,22,57,25,51,26,75,25,56,28,,,
1050,22,57,25,51,26,75,25,56,28,,,
1051,22,57,25,50,26,75,25,55,28,,,
1052,22,57,25,50,26,74,25,55,28,,,
1053,22,57,25,50,26,73,25,55,28,,,
1054,22,56,25,50,26,75,25,55,28,,,
1055,22,57,25,50,26,73,25,54,28,,,
1056,22,57,25,50,26,74,24,54,28,,,
1057,22,57,25,50,25,74,24,54,28,,,
1058,22,57,25,49,25,74,24,54,28,,,
1059,22,56,25,49,25,72,24,54,28,,,
1060,22,57,25,49,25,71,24,53,28,,,
1061,22,56,25,49,25,73,24,53,28,,,
1062,22,56,25,49,25,75,24,53,28,,,
1063,22,57,25,49,25,71,24,53,28,,,
1064,22,56,25,49,25,71,24,53,28,,,
1065,22,56,25,49,25,73,24,53,28,,,
1066,22,56,25,48,25,73,24,52,28,,,
1067,22,57,25,49,25,70,24,52,28,,,
1068,22,59,25,48,25,72,24,53,28,,,
1069,22,59,25,48,25,74,24,55,28,,,
1070,22,59,25,48,25,77,24,57,28,,,
1071,22,59,25,48,25,77,24,58,28,,,
1072,23,58,25,49,25,77,24,59,28,,,
1073,23,58,25,50,25,76,24,60,28,,,
1074,23,59,25,51,25,79,24,62,28,,,
1075,23,59,25,52,25,78,24,63,28,,,
1076,23,60,25,53,25,77,24,64,28,,,
1077,23,59,25,52,25,78,24,64,28,,,
1078,23,60,25,53,25,79,24,64,28,,,
1079,23,60,25,54,25,79,24,63,28,,,
1080,23,59,25,55,25,79,24,63,28,,,
1081,23,59,25,56,25,78,24,64,28,,,
1082,23,60,25,56,25,80,24,63,28,,,
1083,23,63,25,56,25,78,24,63,28,,,
1084,23,63,25,56,25,82,24,64,28,,,
1085,23,63,25,56,25,81,24,65,28,,,
1086,23,62,25,56,25,80,24,65,28,,,
1087,23,63,25,56,26,82,24,66,28,,,
1088,23,62,25,56,26,82,24,66,28,,,
1089,23,63,25,58,26,82,24,67,28,,,
1090,23,62,25,58,26,81,24,68,28,,,
1091,23,62,25,58,26,82,24,69,28,,,
1092,23,64,25,58,26,83,24,69,28,,,
1093,23,65,25,59,26,84,24,69,28,,,
1094,23,63,25,60,26,85,24,69,28,,,
1095,23,63,25,60,26,84,24,69,28,,,
1096,23,63,25,60,26,82,25,69,28,,,
1097,23,64,25,60,26,81,25,68,28,,,
1098,23,65,25,60,26,81,25,68,28,,,
1099,23,65,25,61,26,81,25,68,28,,,
1100,23,64,25,60,26,84,25,67,28,,,
1101,23,65,25,60,26,81,25,67,28,,,
1102,23,64,25,59,26,80,25,66,28,,,
1103,23,63,25,59,26,80,25,65,28,,,
1104,23,63,25,59,26,79,25,65,28,,,
1105,23,63,25,58,26,80,25,64,28,,,
1106,23,63,25,58,26,79,25,64,28,,,
1107,23,63,25,57,26,80,25,63,28,,,
1108,23,62,25,57,26,78,25,63,28,,,
1109,23,62,25,57,26,79,25,62,28,,,
1110,23,63,25,56,26,79,25,62,28,,,
1111,23,62,25,56,26,79,25,62,28,,,
1112,23,62,25,56,26,78,25,62,28,,,
1113,23,61,25,55,26,77,25,61,28,,,
1114,23,62,25,55,26,76,25,61,28,,,
1115,23,65,25,55,26,77,25,60,28,,,
1116,23,64,25,55,26,78,25,61,28,,,
1117,23,64,25,55,26,79,25,63,28,,,
1118,23,64,25,55,26,81,25,64,28,,,
1119,23,64,25,55,26,81,25,65,28,,,
1120,23,64,25,55,26,83,25,67,28,,,
1121,23,64,25,57,26,83,25,67,28,,,
1122,23,65,25,58,26,83,25,68,28,,,
1123,23,66,25,58,26,82,25,68,28,,,
1124,23,65,25,58,26,83,25,69,28,,,
1125,23,64,25,58,26,82,25,69,28,,,
1126,23,64,25,59,26,83,25,69,28,,,
1127,23,64,25,59,26,84,25,68,28,,,
1128,23,64,25,60,26,84,25,68,28,,,
1129,23,64,25,61,26,81,25,68,28,,,
1130,23,64,25,61,26,80,25,68,28,,,
1131,23,65,25,60,26,81,25,68,28,,,
1132,23,65,25,60,26,81,25,67,28,,,
1133,23,65,25,60,26,83,25,66,28,,,
1134,23,64,25,60,26,81,25,66,28,,,
1135,23,64,25,60,26,80,25,66,28,,,
1136,23,63,25,59,26,81,25,65,28,,,
1137,23,64,25,58,26,79,25,65,28,,,
1138,23,63,25,58,26,79,25,64,28,,,
1139,23,63,25,58,26,80,25,63,28,,,
1140,23,63,25,57,26,79,25,63,28,,,
1141,23,63,25,57,26,78,25,62,28,,,
1142,23,63,25,56,26,78,25,62,28,,,
1143,23,63,25,56,26,79,25,62,28,,,
1144,23,62,25,56,26,79,25,61,28,,,
1145,23,61,25,55,26,77,25,61,28,,,
1146,23,62,25,55,26,80,25,60,28,,,
1147,23,64,25,55,26,77,25,60,28,,,
1148,23,65,25,55,26,81,25,62,28,,,
1149,23,64,25,55,26,83,25,65,28,,,
1150,23,62,25,55,26,84,25,65,28,,,
1151,23,64,25,56,26,82,25,65,28,,,
1152,23,64,25,58,26,82,25,67,28,,,
1153,23,64,25,58,26,82,25,68,28,,,
1154,23,65,25,59,26,82,25,69,28,,,
1155,23,65,25,59,26,83,25,69,28,,,
1156,23,64,25,59,26,84,25,69,28,,,
1157,23,64,25,59,26,83,25,69,28,,,
1158,23,64,25,61,26,84,25,69,28,,,
1159,23,64,25,61,26,83,25,69,28,,,
1160,23,64,25,61,26,81,25,69,28,,,
1161,23,65,25,61,26,81,25,69,28,,,
1162,23,66,25,61,26,82,25,68,28,,,
1163,23,68,25,60,26,83,25,68,28,,,
1164,23,67,25,60,26,82,25,67,28,,,
1165,23,65,25,60,26,81,25,67,28,,,
1166,23,65,25,60,26,82,25,66,28,,,
1167,23,64,25,59,26,81,25,65,28,,,
1168,23,63,25,59,26,79,25,65,28,,,
1169,23,63,25,58,26,81,25,64,28,,,
1170,23,65,25,58,26,82,25,63,28,,,
1171,23,63,25,58,26,78,25,63,28,,,
1172,23,63,25,57,26,80,25,62,28,,,
1173,23,63,25,57,26,82,25,62,28,,,
1174,23,63,25,56,26,78,25,62,28,,,
1175,23,63,25,56,26,77,25,61,28,,,
1176,23,63,25,55,26,77,25,61,28,,,
1177,23,64,25,55,26,79,25,62,28,,,
1178,23,65,25,55,26,79,25,62,28,,,
1179,23,65,25,55,26,82,25,64,28,,,
1180,23,64,25,56,26,81,24,65,28,,,
1181,23,64,25,55,26,82,24,65,28,,,
1182,23,63,25,56,26,85,24,67,28,,,
1183,23,66,25,57,26,84,24,68,28,,,
1184,23,64,25,58,26,86,24,68,28,,,
1185,23,65,25,58,26,86,24,69,28,,,
1186,23,64,25,59,26,85,24,69,28,,,
1187,23,65,25,59,26,84,24,70,28,,,
1188,23,64,25,60,26,84,24,69,28,,,
1189,23,64,25,60,26,83,24,69,28,,,
1190,23,64,25,61,26,84,24,69,28,,,
1191,23,65,25,61,26,82,24,69,28,,,
1192,23,66,25,61,26,85,24,69,28,,,
1193,23,67,25,61,26,85,24,68,28,,,
1194,23,66,25,60,26,81,24,68,28,,,
1195,23,65,25,60,26,80,24,67,28,,,
1196,23,66,25,60,26,80,24,66,28,,,
1197,23,64,25,59,26,81,24,66,28,,,
1198,23,64,25,59,26,81,24,65,28,,,
1199,23,64,25,59,26,78,24,64,28,,,
1200,23,63,25,58,26,80,24,64,28,,,
1201,23,64,25,58,26,78,24,63,28,,,
1202,23,64,25,57,26,78,24,63,28,,,
1203,23,65,25,57,26,80,24,62,28,,,
1204,23,65,25,57,26,79,24,63,28,,,
1205,23,65,25,57,26,80,24,64,28,,,
1206,23,65,25,57,26,81,24,66,28,,,
1207,23,65,25,57,26,84,24,66,28,,,
1208,23,63,25,57,26,85,24,67,28,,,
1209,23,66,25,58,26,85,24,69,28,,,
1210,24,65,25,59,26,83,24,70,28,,,
1211,24,67,25,59,26,83,24,70,28,,,
1212,24,66,25,60,26,83,24,71,28,,,
1213,24,66,25,60,26,84,24,71,28,,,
1214,24,67,25,60,26,85,24,71,28,,,
1215,24,66,25,61,26,88,24,73,28,,,
1216,24,68,25,61,26,88,24,73,28,,,
1217,24,67,25,62,26,85,24,73,28,,,
1218,24,68,25,62,26,86,24,73,28,,,
1219,24,67,25,63,26,86,24,74,28,,,
1220,24,68,25,63,26,86,24,74,28,,,
1221,24,69,25,64,26,88,24,74,28,,,
1222,24,68,25,64,26,88,24,75,28,,,
1223,24,69,25,65,26,87,24,75,28,,,
1224,24,69,25,65,26,87,24,76,28,,,
1225,24,68,25,65,26,88,24,76,28,,,
1226,24,67,25,66,26,89,24,75,28,,,
1227,24,68,25,67,26,87,24,75,28,,,
1228,24,68,25,67,26,87,24,75,28,,,
1229,24,69,25,67,26,85,24,74,28,,,
1230,24,69,25,67,26,83,24,74,28,,,
1231,24,69,25,66,26,84,24,73,28,,,
1232,24,70,25,66,26,83,24,72,28,,,
1233,24,71,25,65,26,85,24,72,28,,,
1234,24,69,25,64,26,85,24,71,28,,,
1235,24,69,25,64,26,82,24,70,28,,,
1236,23,67,25,63,26,82,24,70,28,,,
1237,23,67,25,63,26,83,24,69,28,,,
1238,23,66,25,62,26,85,24,68,28,,,
1239,23,66,25,62,26,80,24,68,28,,,
1240,23,67,25,62,26,80,24,67,28,,,
1241,23,66,25,61,26,79,24,67,28,,,
1242,23,66,25,61,26,84,24,66,28,,,
1243,23,66,25,60,26,83,24,66,28,,,
1244,23,65,25,60,26,79,24,65,28,,,
1245,23,67,25,60,26,79,24,65,28,,,
1246,23,68,25,60,26,80,24,65,28,,,
1247,23,68,25,59,26,84,24,67,28,,,
1248,23,68,25,59,26,84,24,68,28,,,
1249,23,68,25,59,26,86,24,69,28,,,
1250,23,66,25,59,26,84,24,70,28,,,
1251,23,67,25,61,26,84,24,71,28,,,
1252,23,68,25,62,26,85,24,72,28,,,
1253,23,69,25,62,26,86,24,72,28,,,
1254,23,68,25,62,26,86,24,73,28,,,
1255,23,68,25,62,26,86,24,73,28,,,
1256,23,68,25,63,26,86,24,74,28,,,
1257,23,67,25,63,26,87,24,74,28,,,
1258,23,68,25,63,26,87,24,75,28,,,
1259,23,68,25,63,26,87,24,75,28,,,
1260,23,69,25,64,26,88,24,75,28,,,
1261,23,69,25,65,26,88,24,76,28,,,
1262,23,71,25,65,26,87,24,76,28,,,
1263,23,70,25,66,26,88,24,76,28,,,
1264,23,70,25,66,26,88,24,77,28,,,
1265,23,71,25,67,26,87,24,77,28,,,
1266,23,71,25,67,26,88,24,77,28,,,
1267,23,70,25,67,26,88,25,77,28,,,
1268,23,70,25,67,26,89,25,77,28,,,
1269,23,69,25,68,26,87,25,76,28,,,
1270,23,69,25,69,26,89,25,76,28,,,
1271,23,71,25,68,26,85,25,76,28,,,
1272,23,71,25,68,26,86,25,76,28,,,
1273,23,72,25,68,26,84,25,75,28,,,
1274,23,71,25,67,26,85,25,72,28,,,
1275,23,71,25,67,26,84,25,72,28,,,
1276,23,70,25,66,26,85,25,72,28,,,
1277,23,69,25,66,26,85,25,72,28,,,
1278,23,69,25,65,26,84,25,71,28,,,
1279,23,70,25,64,26,84,25,70,28,,,
1280,23,69,25,64,26,83,25,70,28,,,
1281,23,68,25,64,26,85,25,70,28,,,
1282,23,68,25,63,26,82,25,69,28,,,
1283,23,68,25,63,26,82,25,68,28,,,
1284,23,66,25,62,26,84,25,68,28,,,
1285,23,67,25,62,26,81,25,67,28,,,
1286,23,67,25,61,26,81,25,67,28,,,
1287,23,67,25,61,26,82,25,67,28,,,
1288,23,67,25,61,26,84,25,66,28,,,
1289,23,69,25,60,26,82,25,66,28,,,
1290,23,70,25,60,26,82,25,69,28,,,
1291,23,69,25,60,26,84,25,70,28,,,
1292,23,67,25,61,26,84,25,70,28,,,
1293,24,67,25,61,26,84,25,71,28,,,
1294,24,68,25,61,26,84,25,73,28,,,
1295,24,70,25,63,26,85,25,73,28,,,
1296,24,69,25,63,26,86,25,73,28,,,
1297,24,69,25,63,26,86,25,74,28,,,
1298,24,68,25,63,26,86,25,75,28,,,
1299,24,68,25,63,26,86,25,75,28,,,
1300,24,68,25,64,26,86,25,75,28,,,
1301,24,69,25,65,26,87,25,76,28,,,
1302,24,70,25,65,26,87,25,76,28,,,
1303,24,70,25,66,26,89,25,76,28,,,
1304,24,70,25,66,26,87,25,77,28,,,
1305,24,70,25,67,26,87,25,77,28,,,
1306,24,70,25,67,26,87,25,77,28,,,
1307,24,71,25,67,26,87,25,77,28,,,
1308,24,70,25,68,26,89,25,76,28,,,
1309,24,69,25,68,26,87,25,76,28,,,
1310,24,69,25,69,26,86,25,76,28,,,
1311,24,70,25,69,26,86,25,75,28,,,
1312,24,71,25,69,26,85,25,76,28,,,
1313,24,70,25,68,26,87,25,75,28,,,
1314,24,70,25,68,26,85,25,74,28,,,
1315,24,71,25,68,26,85,25,74,28,,,
1316,24,70,25,68,26,85,25,73,28,,,
1317,24,69,25,66,26,85,25,73,28,,,
1318,24,69,25,66,26,84,25,72,28,,,
1319,24,69,25,65,26,86,25,72,28,,,
1320,24,68,25,64,26,83,25,71,28,,,
1321,24,69,25,64,26,83,25,71,28,,,
1322,24,68,25,63,26,85,25,70,28,,,
1323,24,72,25,63,26,82,25,69,28,,,
1324,24,69,25,63,26,83,25,69,28,,,
1325,24,70,25,63,26,86,25,71,28,,,
1326,24,70,25,63,26,85,25,72,28,,,
1327,24,70,25,62,26,85,25,72,28,,,
1328,24,69,25,63,26,87,25,73,28,,,
1329,24,70,25,65,26,87,25,75,28,,,
1330,24,70,25,65,26,86,25,75,28,,,
1331,24,71,25,65,26,86,25,75,28,,,
1332,24,70,25,65,26,86,25,76,28,,,
1333,24,70,25,65,26,86,25,76,28,,,
1334,24,69,25,66,26,87,25,76,28,,,
1335,24,70,25,66,26,87,25,77,28,,,
1336,24,70,25,67,26,87,25,77,28,,,
1337,24,70,25,67,26,87,25,77,28,,,
1338,24,71,25,68,26,87,25,78,28,,,
1339,24,72,25,68,26,88,25,78,28,,,
1340,24,72,25,68,26,88,25,78,28,,,
1341,25,72,26,70,26,88,25,78,28,,,
1342,25,72,26,70,26,89,25,79,28,,,
1343,25,73,26,70,26,88,25,79,28,,,
1344,25,73,26,71,26,89,25,79,28,,,
1345,25,73,26,71,26,91,25,80,28,,,
1346,25,73,26,72,26,89,25,80,28,,,
1347,25,73,26,72,26,89,25,80,28,,,
1348,25,73,26,72,26,91,25,80,28,,,
1349,25,73,26,73,26,89,25,80,28,,,
1350,25,74,26,73,26,89,25,81,28,,,
1351,25,74,26,73,26,91,25,81,28,,,
1352,25,75,26,74,26,89,25,81,28,,,
1353,25,75,26,74,26,90,25,82,28,,,
1354,25,74,26,75,26,90,25,82,28,,,
1355,25,74,26,75,26,90,25,82,28,,,
1356,25,75,26,75,26,89,25,82,28,,,
1357,25,74,26,75,26,90,25,82,28,,,
1358,25,75,26,76,26,90,25,82,28,,,
1359,25,75,26,76,26,90,25,83,28,,,
1360,25,75,26,76,26,90,25,83,28,,,
1361,25,76,26,76,26,91,25,83,28,,,
1362,25,76,26,77,26,91,25,83,28,,,
1363,25,76,26,77,26,91,25,83,28,,,
1364,25,76,26,77,26,91,25,83,28,,,
1365,25,76,26,77,26,91,25,83,28,,,
1366,25,76,26,77,27,92,25,84,28,,,
1367,25,76,26,78,27,91,25,83,28,,,
1368,25,75,26,78,27,91,25,83,28,,,
1369,25,74,26,79,27,91,25,82,28,,,
1370,25,75,26,79,27,91,25,82,28,,,
1371,25,75,26,78,27,91,25,82,28,,,
1372,25,76,26,78,27,90,25,82,28,,,
1373,25,76,26,77,27,89,25,81,28,,,
1374,25,76,26,77,27,89,25,80,28,,,
1375,25,77,26,76,27,90,25,80,28,,,
1376,24,75,26,75,27,89,25,80,28,,,
1377,24,74,26,74,27,88,25,79,28,,,
1378,24,76,26,73,27,87,25,78,28,,,
1379,24,75,26,72,27,89,25,78,28,,,
1380,24,75,26,72,27,87,25,77,28,,,
1381,24,73,26,71,27,86,25,76,28,,,
1382,24,73,26,71,27,88,25,75,28,,,
1383,24,72,26,69,27,85,25,75,28,,,
1384,24,72,26,69,26,85,25,75,28,,,
1385,24,72,26,69,26,87,25,74,28,,,
1386,24,72,26,68,26,83,25,73,28,,,
1387,24,72,26,68,26,84,25,73,28,,,
1388,24,72,26,66,26,83,25,72,28,,,
1389,24,72,26,66,26,83,25,72,29,,,
1390,24,73,26,66,26,85,25,73,29,,,
1391,24,73,26,66,26,86,25,75,29,,,
1392,24,72,26,66,26,85,25,75,29,,,
1393,24,72,26,67,26,87,25,75,29,,,
1394,24,71,26,67,26,87,25,76,29,,,
1395,24,72,26,68,26,86,25,77,29,,,
1396,24,73,26,68,26,87,25,77,29,,,
1397,24,74,26,69,26,89,25,78,29,,,
1398,24,73,26,69,26,88,25,78,29,,,
1399,24,74,26,69,26,88,25,79,29,,,
1400,24,73,26,69,26,88,25,79,29,,,
1401,24,73,26,69,26,88,25,79,29,,,
1402,24,73,26,70,26,88,25,80,29,,,
1403,25,73,26,71,26,88,25,80,29,,,
1404,25,72,26,71,26,89,25,80,29,,,
1405,25,73,26,73,26,91,25,80,29,,,
1406,25,73,26,73,26,90,25,80,29,,,
1407,25,74,26,73,26,89,25,81,29,,,
1408,25,74,26,74,26,89,25,81,29,,,
1409,25,74,26,74,26,90,25,81,29,,,
1410,25,74,26,74,26,89,25,81,29,,,
1411,25,74,26,75,26,90,25,81,29,,,
1412,25,74,26,75,26,92,25,82,29,,,
1413,25,75,26,75,26,89,25,82,29,,,
1414,25,75,26,75,26,90,25,82,29,,,
1415,25,75,26,76,26,90,25,82,29,,,
1416,25,75,26,76,26,89,25,82,29,,,
1417,25,75,26,76,26,92,25,83,29,,,
1418,25,75,26,76,26,90,25,83,29,,,
1419,25,75,26,77,26,91,25,83,29,,,
1420,25,75,26,77,26,91,25,83,29,,,
1421,25,75,26,77,26,92,25,83,29,,,
1422,25,75,26,77,26,90,25,83,29,,,
1423,25,76,26,78,27,90,25,83,29,,,
1424,25,75,26,78,27,92,25,83,29,,,
1425,25,74,26,78,27,89,25,83,29,,,
1426,25,74,26,78,27,90,25,82,29,,,
1427,25,75,26,78,27,89,25,82,29,,,
1428,25,75,26,77,27,91,25,81,29,,,
1429,25,76,26,77,27,89,25,81,29,,,
1430,25,75,26,75,27,88,25,81,29,,,
1431,25,75,26,75,27,90,25,80,29,,,
1432,24,75,26,74,27,87,25,79,29,,,
1433,24,75,26,73,27,87,25,79,29,,,
1434,24,75,26,73,27,86,25,78,29,,,
1435,24,75,26,72,27,86,25,77,29,,,
1436,24,72,26,70,27,87,25,75,29,,,
1437,24,73,26,70,27,85,25,75,29,,,
1438,24,72,26,70,26,82,25,74,29,,,
1439,24,73,26,69,26,85,25,74,29,,,
1440,24,71,26,69,26,83,25,73,29,,,
1441,24,71,26,68,26,82,25,72,29,,,
1442,24,72,26,67,26,82,25,72,29,,,
1443,24,72,26,67,26,82,25,72,29,,,
1444,24,73,26,67,26,84,25,72,29,,,
1445,24,73,26,66,26,82,25,73,29,,,
1446,24,74,26,66,26,84,25,74,29,,,
1447,24,73,26,66,26,86,25,75,29,,,
1448,24,72,26,67,26,86,25,75,29,,,
1449,24,71,26,67,26,86,25,74,29,,,
1450,24,71,26,67,26,86,25,74,29,,,
1451,24,71,26,68,26,86,25,75,29,,,
1452,24,72,26,68,26,86,25,75,29,,,
1453,24,72,26,68,26,85,25,75,29,,,
1454,25,72,26,68,26,87,25,75,29,,,
1455,25,72,26,69,26,87,25,76,29,,,
1456,25,72,26,69,26,87,25,76,29,,,
1457,25,72,26,69,26,87,25,76,29,,,
1458,25,71,26,70,26,87,25,76,29,,,
1459,25,72,26,70,26,86,25,76,29,,,
1460,25,71,26,71,26,88,25,76,29,,,
1461,25,71,26,71,26,87,25,76,29,,,
1462,25,71,26,71,26,88,25,76,29,,,
1463,25,71,26,71,26,87,25,76,29,,,
1464,25,72,26,71,26,88,25,76,29,,,
1465,25,72,26,72,26,89,26,77,29,,,
1466,25,72,26,72,26,88,26,78,29,,,
1467,25,72,26,72,26,88,26,78,29,,,
1468,25,72,26,72,26,90,26,78,29,,,
1469,25,72,26,72,26,89,26,78,29,,,
1470,25,72,26,73,26,88,26,78,29,,,
1471,25,72,26,73,26,88,26,78,29,,,
1472,25,72,26,73,26,88,26,78,29,,,
1473,25,73,26,73,26,89,26,79,29,,,
1474,25,74,26,73,26,89,26,79,29,,,
1475,25,74,26,74,26,89,26,79,29,,,
1476,26,74,26,74,27,88,26,79,29,,,
1477,26,75,26,74,27,89,26,79,29,,,
1478,26,74,26,74,27,89,26,79,29,,,
1479,26,74,26,74,27,88,26,79,29,,,
1480,26,75,26,74,27,88,26,80,29,,,
1481,26,74,26,75,27,89,26,80,29,,,
1482,26,75,26,75,27,88,26,80,29,,,
1483,26,75,26,75,27,89,26,80,29,,,
1484,26,75,26,75,27,89,26,80,29,,,
1485,26,75,26,76,27,90,26,80,29,,,
1486,26,75,26,76,27,90,26,80,29,,,
1487,26,75,26,76,27,90,26,81,29,,,
1488,26,75,26,76,27,90,26,81,29,,,
1489,26,75,26,76,27,90,26,81,29,,,
1490,26,75,26,76,27,89,26,81,29,,,
1491,26,76,26,77,27,89,26,81,29,,,
1492,26,76,26,77,27,90,26,82,29,,,
1493,26,75,26,77,27,91,26,82,29,,,
1494,26,76,26,78,27,92,26,82,29,,,
1495,26,77,26,78,27,92,26,82,29,,,
1496,26,76,26,78,27,90,26,82,29,,,
1497,26,77,26,79,27,90,26,83,29,,,
1498,26,77,26,78,27,91,26,83,29,,,
1499,26,77,26,78,27,91,26,83,29,,,
1500,26,77,26,79,27,90,26,84,29,,,
1501,26,77,26,79,27,91,26,84,29,,,
1502,26,77,26,79,27,91,26,84,29,,,
1503,26,77,26,80,27,92,26,84,29,,,
1504,26,78,26,80,27,91,26,85,29,,,
1505,26,77,26,80,27,91,26,85,29,,,
1506,26,77,26,80,27,92,26,85,29,,,
1507,26,78,26,81,27,91,26,85,29,,,
1508,26,77,26,80,27,92,26,85,29,,,
1509,26,77,26,80,27,92,26,86,29,,,
1510,26,77,26,81,27,92,26,86,29,,,
1511,26,77,26,81,27,92,26,86,29,,,
1512,26,78,26,82,27,93,26,86,29,,,
1513,26,78,26,82,27,93,26,86,29,,,
1514,26,78,26,82,27,93,26,86,29,,,
1515,26,78,26,82,27,93,26,87,29,,,
1516,26,78,26,83,27,92,26,87,29,,,
1517,26,78,26,83,27,92,26,87,29,,,
1518,26,78,26,83,27,93,26,87,29,,,
1519,26,79,26,83,27,94,26,87,29,,,
1520,26,78,26,83,27,93,26,87,29,,,
1521,26,79,26,84,27,93,26,88,29,,,
1522,26,79,26,83,27,95,26,88,29,,,
1523,26,79,26,84,27,94,26,88,29,,,
1524,26,79,26,84,27,93,26,88,29,,,
1525,26,79,26,84,27,94,26,88,29,,,
1526,26,79,26,84,27,94,26,88,29,,,
1527,26,79,26,84,27,94,26,88,29,,,
1528,26,80,26,84,27,94,26,88,29,,,
1529,26,80,26,85,27,94,26,88,29,,,
1530,26,80,26,85,27,94,26,88,29,,,
1531,26,80,26,85,27,94,26,88,29,,,
1532,26,80,26,85,27,94,26,88,29,,,
1533,26,80,26,85,27,94,26,88,29,,,
1534,26,80,26,85,27,95,26,88,29,,,
1535,26,80,26,85,27,94,26,89,29,,,
1536,26,80,26,85,27,95,26,88,29,,,
1537,26,80,26,85,27,94,26,89,29,,,
1538,26,80,26,85,27,95,26,88,29,,,
1539,26,80,26,85,27,95,26,89,29,,,
1540,26,78,26,85,27,94,26,88,29,,,
1541,26,78,26,85,27,93,26,87,29,,,
1542,26,79,26,85,27,94,26,87,29,,,
1543,26,79,26,85,27,94,26,87,29,,,
1544,26,78,26,84,27,92,26,87,29,,,
1545,26,79,26,83,27,93,26,86,29,,,
1546,25,78,26,83,27,93,26,85,29,,,
1547,25,78,26,82,27,92,26,85,29,,,
1548,25,78,26,81,27,91,26,84,29,,,
1549,25,78,26,79,27,90,26,83,29,,,
1550,25,78,26,79,27,90,26,83,29,,,
1551,25,77,26,78,27,89,26,82,29,,,
1552,25,78,26,78,27,88,26,81,29,,,
1553,25,77,26,77,27,88,26,80,29,,,
1554,25,76,26,76,27,87,26,80,29,,,
1555,25,78,26,75,27,86,26,79,29,,,
1556,25,77,26,74,27,87,26,79,29,,,
1557,25,76,26,74,27,86,26,78,29,,,
1558,25,76,26,72,27,86,26,78,29,,,
1559,25,73,26,72,27,85,26,77,29,,,
1560,25,75,26,72,27,84,26,77,29,,,
1561,25,76,26,72,27,85,26,76,29,,,
1562,25,77,26,71,27,88,26,79,29,,,
1563,25,77,26,71,27,89,26,79,29,,,
1564,25,76,26,71,27,90,26,79,29,,,
1565,25,75,26,72,27,90,26,79,29,,,
1566,25,76,26,72,27,89,26,79,29,,,
1567,25,75,26,73,27,88,26,79,29,,,
1568,25,75,26,73,27,89,26,79,29,,,
1569,25,75,26,74,27,89,26,80,29,,,
1570,25,76,26,74,27,89,26,80,29,,,
1571,25,76,26,74,27,89,26,80,29,,,
1572,25,75,26,74,27,89,26,80,29,,,
1573,25,76,26,74,27,89,26,81,29,,,
1574,25,75,26,74,27,90,26,80,29,,,
1575,25,75,26,75,27,90,26,81,29,,,
1576,25,75,26,75,27,89,26,80,29,,,
1577,25,75,26,75,27,90,26,81,29,,,
1578,25,75,26,76,27,90,26,81,29,,,
1579,25,75,26,76,27,90,26,81,29,,,
1580,25,75,26,76,27,92,26,81,29,,,
1581,26,75,26,76,27,90,26,81,29,,,
1582,26,76,26,76,27,89,26,81,29,,,
1583,26,76,26,76,27,89,26,81,29,,,
1584,26,76,26,76,27,90,26,82,29,,,
1585,26,76,26,77,27,90,26,82,29,,,
1586,26,76,26,77,27,92,26,82,29,,,
1587,26,76,26,77,27,90,26,82,29,,,
1588,26,76,26,77,27,91,26,82,29,,,
1589,26,76,26,77,27,90,26,82,29,,,
1590,26,76,26,77,27,91,26,82,29,,,
1591,26,76,26,77,27,91,26,82,29,,,
1592,26,77,26,78,27,91,26,82,29,,,
1593,26,77,26,78,27,93,26,83,29,,,
1594,26,77,26,78,27,91,26,83,29,,,
1595,26,77,26,79,27,91,26,83,29,,,
1596,26,77,26,78,27,92,26,83,29,,,
1597,26,77,26,79,27,91,26,83,29,,,
1598,26,77,26,79,27,91,26,83,29,,,
1599,26,77,26,79,27,91,26,83,29,,,
1600,26,77,27,79,27,91,26,83,29,,,
1601,26,77,27,79,27,91,26,83,29,,,
1602,26,77,27,80,27,91,26,84,29,,,
1603,26,77,27,79,27,92,26,84,29,,,
1604,26,77,27,79,27,91,26,84,29,,,
1605,26,78,27,79,27,92,26,85,29,,,
1606,26,78,27,80,27,91,26,85,29,,,
1607,26,78,27,80,27,92,26,85,29,,,
1608,26,78,27,81,27,91,26,86,29,,,
1609,26,78,27,81,27,92,26,86,29,,,
1610,26,78,27,81,27,92,26,86,29,,,
1611,26,78,27,81,27,93,26,86,29,,,
1612,26,78,27,82,27,94,26,86,29,,,
1613,26,78,27,82,27,92,26,86,29,,,
1614,26,79,27,82,27,94,26,86,29,,,
1615,26,79,27,82,27,93,26,87,29,,,
1616,26,79,27,83,27,93,26,87,29,,,
1617,26,79,27,83,27,95,26,87,29,,,
1618,26,79,27,83,27,92,26,87,29,,,
1619,26,79,27,83,27,93,26,87,29,,,
1620,26,79,27,83,27,93,26,87,29,,,
1621,26,80,27,84,27,95,26,88,29,,,
1622,26,79,27,84,27,94,26,88,29,,,
1623,26,80,27,84,27,94,26,88,29,,,
1624,26,79,27,84,27,94,26,88,29,,,
1625,26,80,27,85,27,94,26,88,29,,,
1626,26,79,27,85,27,94,26,88,29,,,
1627,26,80,27,85,27,95,26,88,29,,,
1628,26,80,27,85,27,94,26,88,29,,,
1629,27,80,27,85,27,94,26,88,29,,,
1630,27,80,27,85,27,94,26,88,29,,,
1631,27,80,27,85,27,95,26,88,29,,,
1632,27,80,27,85,27,94,26,88,29,,,
1633,27,80,27,85,27,94,26,89,29,,,
1634,27,80,27,86,27,94,26,89,29,,,
1635,27,81,27,86,27,95,26,89,29,,,
1636,27,80,27,86,27,95,26,88,29,,,
1637,27,80,27,86,27,95,26,89,29,,,
1638,27,81,27,86,27,95,26,89,29,,,
1639,27,80,27,86,27,95,26,89,29,,,
1640,27,81,27,87,27,95,26,89,29,,,
1641,27,81,27,86,27,95,26,89,29,,,
1642,27,80,27,87,27,95,26,89,29,,,
1643,27,81,27,87,27,95,26,89,29,,,
1644,27,81,27,87,27,95,26,89,29,,,
1645,27,81,27,87,27,95,26,89,29,,,
1646,27,80,27,87,27,95,26,89,29,,,
1647,27,81,27,87,27,95,26,89,29,,,
1648,27,81,27,87,27,95,26,89,29,,,
1649,27,81,27,87,27,95,26,89,29,,,
1650,27,81,27,87,27,95,26,89,29,,,
1651,27,81,27,87,27,95,26,89,29,,,
1652,27,81,27,87,27,95,26,89,29,,,
1653,27,81,27,87,27,95,26,89,29,,,
1654,27,81,27,87,27,95,26,89,29,,,
1655,27,81,27,88,27,95,26,89,29,,,
1656,27,81,27,88,27,95,26,89,29,,,
1657,27,81,27,88,27,95,26,89,29,,,
1658,27,81,27,88,27,95,26,89,29,,,
1659,27,81,27,88,27,95,26,90,29,,,
1660,27,81,27,88,27,95,26,89,29,,,
1661,27,81,27,88,27,95,26,89,29,,,
1662,27,81,27,88,27,95,26,90,29,,,
1663,27,81,27,88,27,95,26,90,29,,,
1664,27,81,27,88,27,95,26,90,29,,,
1665,27,81,27,88,27,95,26,90,29,,,
1666,27,81,27,88,27,95,26,90,29,,,
1667,27,81,27,88,27,95,26,90,29,,,
1668,27,81,27,88,27,95,26,90,29,,,
1669,27,81,27,88,27,95,26,89,29,,,
1670,27,81,27,88,27,95,26,90,29,,,
1671,27,81,27,88,27,95,26,89,29,,,
1672,27,81,27,88,27,95,26,89,29,,,
1673,27,80,27,88,27,95,26,88,29,,,
1674,27,80,27,88,27,95,26,88,29,,,
1675,27,80,27,86,27,95,26,88,29,,,
1676,26,81,27,86,27,94,26,88,29,,,
1677,26,81,27,85,27,94,26,88,29,,,
1678,26,80,27,84,27,95,26,86,29,,,
1679,26,81,27,84,27,93,26,86,29,,,
1680,26,80,27,83,27,92,26,85,29,,,
1681,26,80,27,82,27,93,26,85,29,,,
1682,26,79,27,81,27,92,26,84,29,,,
1683,26,83,27,81,27,93,26,84,29,,,
1684,26,81,27,80,27,90,26,84,29,,,
1685,26,83,27,80,27,92,26,86,29,,,
1686,26,82,27,80,27,93,26,86,29,,,
1687,26,81,27,80,27,93,26,86,29,,,
1688,26,81,27,80,27,93,26,86,29,,,
1689,26,81,27,81,27,95,26,87,29,,,
1690,26,82,27,82,27,94,26,87,29,,,
1691,26,82,27,82,27,93,26,88,29,,,
1692,26,81,27,82,27,94,26,88,29,,,
1693,26,81,27,82,27,94,26,88,29,,,
1694,26,81,27,82,27,95,26,88,29,,,
1695,26,82,27,82,27,94,26,88,29,,,
1696,26,81,27,83,27,95,26,89,29,,,
1697,26,81,27,84,27,95,26,89,29,,,
1698,26,82,27,85,27,95,26,89,29,,,
1699,26,82,27,85,27,95,26,89,29,,,
1700,26,82,27,85,27,95,26,89,29,,,
1701,26,82,27,85,27,95,26,89,29,,,
1702,26,82,27,86,27,95,26,89,29,,,
1703,26,82,27,86,27,95,26,89,29,,,
1704,26,82,27,86,27,95,26,90,29,,,
1705,26,83,27,86,27,95,26,90,29,,,
1706,26,83,27,86,27,95,26,90,29,,,
1707,26,83,27,87,27,95,26,90,29,,,
1708,26,83,27,87,27,95,26,90,29,,,
1709,26,83,27,87,27,95,26,90,29,,,
1710,26,83,27,87,27,95,26,90,29,,,
1711,26,83,27,87,27,95,26,90,29,,,
1712,26,83,27,87,27,95,26,90,29,,,
1713,26,83,27,87,27,95,26,90,29,,,
1714,26,83,27,87,27,95,26,90,29,,,
1715,26,83,27,87,27,95,26,90,29,,,
1716,26,83,27,87,27,95,26,90,29,,,
1717,27,83,27,87,27,95,26,90,29,,,
1718,27,83,27,88,27,95,26,90,29,,,
1719,27,83,27,88,27,95,26,91,29,,,
1720,27,83,27,88,27,95,26,90,29,,,
1721,27,83,27,88,27,95,26,90,29,,,
1722,27,83,27,88,27,95,26,90,29,,,
1723,27,83,27,88,27,95,26,91,29,,,
1724,27,83,27,88,27,95,26,90,29,,,
1725,27,82,27,88,27,95,26,90,29,,,
1726,27,83,27,88,27,95,26,91,29,,,
1727,27,83,27,88,27,95,26,90,29,,,
1728,27,83,27,88,27,95,26,90,29,,,
1729,27,82,27,88,27,95,26,90,29,,,
1730,27,82,27,88,27,95,26,90,29,,,
1731,27,82,27,89,27,95,26,90,29,,,
1732,27,82,27,88,27,95,26,90,29,,,
1733,27,82,27,88,27,95,26,90,29,,,
1734,27,82,27,88,27,95,26,90,29,,,
1735,27,82,27,89,27,95,26,90,29,,,
1736,27,82,27,88,27,95,26,90,29,,,
1737,27,82,27,88,27,95,26,90,29,,,
1738,27,82,27,88,27,95,26,90,29,,,
1739,27,82,27,89,27,95,26,90,29,,,
1740,27,82,27,89,27,95,26,90,29,,,
1741,27,82,27,89,27,95,26,90,29,,,
1742,27,82,27,89,27,95,27,90,29,,,
1743,27,82,27,89,27,95,27,90,29,,,
1744,27,82,27,89,27,95,27,90,29,,,
1745,27,82,27,89,27,95,27,90,29,,,
1746,27,82,27,89,27,95,27,90,29,,,
1747,27,82,27,89,27,95,27,90,29,,,
1748,27,82,27,88,27,95,27,90,29,,,
1749,27,82,27,88,27,95,27,90,29,,,
1750,27,82,27,88,27,95,27,90,29,,,
1751,27,82,27,88,27,95,27,90,29,,,
1752,27,82,27,88,27,95,27,90,29,,,
1753,27,82,27,88,27,95,27,90,29,,,
1754,27,82,27,88,27,95,27,90,29,,,
1755,27,82,27,89,27,95,27,90,29,,,
1756,27,82,27,89,27,95,27,90,29,,,
1757,27,82,27,89,27,95,27,90,29,,,
1758,27,82,27,89,27,95,27,90,29,,,
1759,27,82,27,89,27,95,27,90,29,,,
1760,27,82,27,89,27,95,27,90,29,,,
1761,27,82,27,89,27,95,27,90,29,,,
1762,27,82,27,88,27,95,27,90,29,,,
1763,27,82,27,88,28,95,27,90,29,,,
1764,27,82,27,89,28,95,27,90,29,,,
1765,27,82,27,89,28,95,27,90,29,,,
1766,27,82,27,89,28,95,27,89,29,,,
1767,27,81,27,89,28,95,27,89,29,,,
1768,27,82,27,89,28,95,27,90,29,,,
1769,27,82,27,88,28,95,27,89,29,,,
1770,27,82,27,88,28,95,27,90,29,,,
1771,28,83,27,88,28,95,27,89,29,,,
1772,28,83,27,88,28,95,27,90,29,,,
1773,28,83,27,89,28,95,27,89,29,,,
1774,28,83,27,89,28,95,27,89,29,,,
1775,28,83,27,88,28,95,27,89,29,,,
1776,28,83,27,88,28,95,27,89,29,,,
1777,28,83,27,88,28,95,27,89,29,,,
1778,28,83,27,89,28,95,27,89,29,,,
1779,28,83,27,88,28,95,27,89,29,,,
1780,28,83,27,88,28,95,27,89,29,,,
1781,28,83,27,88,28,95,27,89,29,,,
1782,28,83,27,88,28,95,27,89,29,,,
1783,28,83,27,88,28,95,27,89,29,,,
1784,28,83,27,88,28,95,27,89,29,,,
1785,28,82,27,88,28,95,27,89,29,,,
1786,28,82,27,89,28,95,27,89,29,,,
1787,28,82,27,88,28,95,27,89,29,,,
1788,28,82,27,88,28,95,27,89,29,,,
1789,28,82,27,88,28,95,27,89,29,,,
1790,28,82,27,88,28,95,27,89,29,,,
1791,28,82,27,88,28,95,27,89,29,,,
1792,28,82,27,88,28,95,27,89,29,,,
1793,28,82,27,88,28,95,27,89,29,,,
1794,28,82,27,88,28,95,27,89,29,,,
1795,28,82,27,88,28,95,27,89,29,,,
1796,28,82,27,88,28,95,27,89,29,,,
1797,28,82,27,88,28,95,27,89,29,,,
1798,28,82,27,88,28,95,27,89,29,,,
1799,28,82,27,88,28,95,27,89,29,,,
1800,28,82,27,88,28,95,27,89,29,,,
1801,28,82,27,88,28,95,27,89,29,,,
1802,28,82,27,88,28,95,27,89,29,,,
1803,28,82,27,88,28,95,27,89,29,,,
1804,28,82,27,87,28,95,27,89,29,,,
1805,28,82,27,88,28,95,27,89,29,,,
1806,28,82,27,88,28,95,27,89,29,,,
1807,28,81,27,88,28,95,27,88,29,,,
1808,28,81,27,87,28,95,27,88,29,,,
1809,28,82,27,88,28,95,27,88,29,,,
1810,28,82,27,88,28,95,27,88,29,,,
1811,28,81,27,88,28,95,27,88,29,,,
1812,28,81,27,88,28,95,27,88,29,,,
1813,28,81,27,88,28,95,27,88,29,,,
1814,28,81,27,88,28,95,27,88,29,,,
1815,28,81,27,88,28,95,27,88,29,,,
1816,28,81,27,87,28,95,27,88,29,,,
1817,28,81,27,87,28,95,27,88,29,,,
1818,28,81,27,87,28,95,27,88,29,,,
1819,28,81,27,88,28,95,27,88,29,,,
1820,28,81,27,87,28,95,27,88,29,,,
1821,28,81,27,88,28,95,27,88,29,,,
1822,28,81,27,87,28,95,27,88,29,,,
1823,28,81,28,88,28,95,27,88,29,,,
1824,28,81,28,88,28,95,27,88,29,,,
1825,28,81,28,88,28,95,27,88,29,,,
1826,28,81,28,88,28,95,27,87,29,,,
1827,28,81,28,88,28,95,27,87,29,,,
1828,28,81,28,88,28,95,27,87,29,,,
1829,28,80,28,88,28,95,27,87,29,,,
1830,28,80,28,88,28,95,27,87,29,,,
1831,28,80,28,88,28,95,27,87,29,,,
1832,28,80,28,88,28,95,27,87,29,,,
1833,28,80,28,88,28,95,27,87,29,,,
1834,28,80,28,88,28,95,27,87,29,,,
1835,28,80,28,88,28,95,27,87,29,,,
1836,28,80,28,88,28,95,27,87,29,,,
1837,28,80,28,88,28,95,27,87,29,,,
1838,28,80,28,88,28,95,27,87,29,,,
1839,28,80,28,88,28,95,27,87,29,,,
1840,28,80,28,87,28,95,27,87,29,,,
1841,28,80,28,87,28,95,27,87,29,,,
1842,28,80,28,87,28,95,27,87,29,,,
1843,28,80,28,87,28,95,27,87,29,,,
1844,28,80,28,87,28,95,27,87,29,,,
1845,28,80,28,87,28,95,27,87,29,,,
1846,28,80,28,87,28,95,27,87,29,,,
1847,28,80,28,87,28,95,27,86,29,,,
1848,28,80,28,87,28,95,27,86,29,,,
1849,28,80,28,87,28,95,27,86,29,,,
1850,28,79,28,87,28,95,27,86,29,,,
1851,28,79,28,87,28,95,27,86,29,,,
1852,28,79,28,87,28,95,27,86,29,,,
1853,28,79,28,87,28,95,27,86,29,,,
1854,28,79,28,87,28,95,27,86,29,,,
1855,28,79,28,87,28,95,27,87,29,,,
1856,28,79,28,87,28,95,27,86,29,,,
1857,28,79,28,86,28,95,27,86,29,,,
1858,28,79,28,86,28,95,27,86,29,,,
1859,28,79,28,86,28,95,27,86,29,,,
1860,28,79,28,86,28,95,27,86,29,,,
1861,28,79,28,86,28,95,27,86,29,,,
1862,28,79,28,86,28,95,27,86,29,,,
1863,28,79,28,86,28,95,27,86,29,,,
1864,28,79,28,86,28,95,27,86,29,,,
1865,28,78,28,86,28,94,27,86,29,,,
1866,28,79,28,86,28,94,27,86,29,,,
1867,28,79,28,86,28,95,27,85,29,,,
1868,28,78,28,86,28,94,27,86,29,,,
1869,28,78,28,86,28,94,27,85,29,,,
1870,28,78,28,86,28,94,28,86,29,,,
1871,28,78,28,86,28,94,28,85,29,,,
1872,28,78,28,86,28,94,28,86,29,,,
1873,28,78,28,86,28,94,28,86,29,,,
1874,28,78,28,86,28,95,28,86,29,,,
1875,28,78,28,85,28,94,28,85,29,,,
1876,28,78,28,85,28,94,28,85,29,,,
1877,28,78,28,86,28,94,28,86,29,,,
1878,28,78,28,85,28,93,28,86,29,,,
1879,28,78,28,85,28,94,28,86,29,,,
1880,28,78,28,85,28,94,28,86,29,,,
1881,28,78,28,85,28,94,28,86,29,,,
1882,28,78,28,85,28,95,28,86,29,,,
1883,28,78,28,85,28,94,28,85,29,,,
1884,28,77,28,85,28,94,28,86,29,,,
1885,28,77,28,85,28,93,28,86,29,,,
1886,28,77,28,85,28,93,28,86,29,,,
1887,28,77,28,85,28,93,28,85,29,,,
1888,28,77,28,85,28,93,28,85,29,,,
1889,28,77,28,85,28,93,28,85,29,,,
1890,28,77,28,85,28,93,28,85,29,,,
1891,28,77,28,84,28,93,28,85,29,,,
1892,28,77,28,84,28,93,28,85,29,,,
1893,28,77,28,84,28,93,28,85,29,,,
1894,28,77,28,84,28,94,28,85,29,,,
1895,28,77,28,84,28,93,28,85,29,,,
1896,28,77,28,84,28,93,28,85,29,,,
1897,28,77,28,84,28,93,28,85,29,,,
1898,28,77,28,84,28,92,28,85,29,,,
1899,28,77,28,84,28,93,28,85,29,,,
1900,28,77,28,84,28,93,28,85,29,,,
1901,28,77,28,84,28,93,28,84,29,,,
1902,28,76,28,84,28,93,28,85,29,,,
1903,28,76,28,84,28,93,28,84,29,,,
1904,28,76,28,84,28,93,28,85,29,,,
1905,28,76,28,84,28,92,28,84,29,,,
1906,28,76,28,84,28,93,28,84,29,,,
1907,28,76,28,83,28,92,28,84,29,,,
1908,28,76,28,83,28,92,28,84,29,,,
1909,28,76,28,83,28,92,28,84,29,,,
1910,28,76,28,83,28,92,28,84,29,,,
1911,28,76,28,84,28,92,28,84,29,,,
1912,28,76,28,83,28,92,28,84,29,,,
1913,28,76,28,83,28,92,28,84,29,,,
1914,28,76,28,83,28,91,28,84,29,,,
1915,28,76,28,83,28,92,28,84,29,,,
1916,28,76,28,83,28,92,28,84,29,,,
1917,28,76,28,83,28,92,28,84,29,,,
1918,28,76,28,83,28,92,28,84,29,,,
1919,28,76,28,83,28,92,28,84,29,,,
1920,28,76,28,83,28,92,28,84,29,,,
